,JK,JUR,GAJI_ORTU,PDK_IBU,PEK_IBU,PEK_AYAH,IP_S1,IP_S2,SKS_S1,SKS_S2,IPK_TERAKHIR
0,L,FISIKA,G3,SMTA,LL,GRD,IPS1_M,IPS2_M,SKS1_SB,SKS2_B,IPK_M
1,P,FISIKA,G2,SD,LL,PDG,IPS1_KM,IPS2_M,SKS1_B,SKS2_B,IPK_M
2,P,FISIKA,G1,SMP,LL,LL,IPS1_M,IPS2_KM,SKS1_SB,SKS2_B,IPK_M
3,P,FISIKA,G2,SRJN,PDG,PS,IPS1_KM,IPS2_KM,SKS1_B,SKS2_B,IPK_KM
4,P,FISIKA,G3,SMTA,LL,ABRI,IPS1_KM,IPS2_KM,SKS1_SB,SKS2_SB,IPK_M
5,L,FISIKA,G2,LL,BPN,BPN,IPS1_KM,IPS2_KM,SKS1_SB,SKS2_B,IPK_M
6,P,FISIKA,G1,SMP,PDG,PDG,IPS1_KM,IPS2_KM,SKS1_SB,SKS2_SB,IPK_M
7,P,FISIKA,G3,SMTA,PDG,PNS,IPS1_KM,IPS2_SM,SKS1_B,SKS2_B,IPK_SM
8,L,FISIKA,G4,SRJN,GRD,PSN,IPS1_KM,IPS2_KM,SKS1_B,SKS2_SB,IPK_KM
9,P,FISIKA,G3,SMTA,LL,GRD,IPS1_KM,IPS2_M,SKS1_B,SKS2_B,IPK_SM
10,L,FISIKA,G3,SMTA,PDG,PSN,IPS1_KM,IPS2_KM,SKS1_B,SKS2_B,IPK_KM
11,P,FISIKA,G2,SMTA,LL,PDG,IPS1_KM,IPS2_KM,SKS1_B,SKS2_B,IPK_KM
12,L,FISIKA,G2,SMP,LL,PDG,IPS1_KM,IPS2_KM,SKS1_SB,SKS2_B,IPK_M
13,P,FISIKA,G2,SMTA,LL,PDG,IPS1_KM,IPS2_M,SKS1_SB,SKS2_B,IPK_SM
14,P,FISIKA,G1,SMTA,LL,PDG,IPS1_SM,IPS2_SM,SKS1_SB,SKS2_SB,IPK_CUM
15,P,FISIKA,G3,SD,LL,PNS,IPS1_KM,IPS2_M,SKS1_SB,SKS2_B,IPK_SM
16,P,FISIKA,G1,LL,PDG,PDG,IPS1_KM,IPS2_KM,SKS1_SB,SKS2_B,IPK_M
17,P,FISIKA,G1,SD,PDG,PDG,IPS1_KM,IPS2_KM,SKS1_B,SKS2_SB,IPK_KM
18,L,FISIKA,G3,SRJN,GRD,PNS,IPS1_KM,IPS2_KM,SKS1_B,SKS2_B,IPK_M
19,L,FISIKA,G3,SMP,LL,PSN,IPS1_KM,IPS2_KM,SKS1_B,SKS2_SB,IPK_M
20,P,FISIKA,G2,SMTA,LL,GRD,IPS1_KM,IPS2_M,SKS1_SB,SKS2_C,IPK_M
21,P,FISIKA,G2,SMTA,PS,PS,IPS1_M,IPS2_SM,SKS1_SB,SKS2_C,IPK_SM
22,L,FISIKA,G3,SMTA,GRD,PNS,IPS1_KM,IPS2_KM,SKS1_B,SKS2_C,IPK_M
23,L,FISIKA,G1,SMTA,BPN,BPN,IPS1_M,IPS2_M,SKS1_B,SKS2_B,IPK_SM
24,P,FISIKA,G1,SMTA,PDG,PNS,IPS1_KM,IPS2_KM,SKS1_B,SKS2_K,IPK_M
25,P,FISIKA,G3,SRJN,GRD,GRD,IPS1_KM,IPS2_KM,SKS1_B,SKS2_C,IPK_SM
26,P,FISIKA,G2,SMTA,PS,PS,IPS1_KM,IPS2_KM,SKS1_B,SKS2_B,IPK_SM
27,L,FISIKA,G1,SMTA,PDG,PDG,IPS1_KM,IPS2_KM,SKS1_B,SKS2_K,IPK_M
28,L,FISIKA,G2,SD,BPN,BPN,IPS1_M,IPS2_KM,SKS1_B,SKS2_B,IPK_SM
29,P,FISIKA,G2,SMTA,GRD,GRD,IPS1_KM,IPS2_KM,SKS1_B,SKS2_C,IPK_M
30,P,FISIKA,G3,SMTA,LL,ABRI,IPS1_KM,IPS2_M,SKS1_B,SKS2_B,IPK_SM
31,P,FISIKA,G3,SMP,PDG,GRD,IPS1_SM,IPS2_M,SKS1_K,SKS2_B,IPK_SM
32,P,FISIKA,G3,SMTA,PDG,PNS,IPS1_KM,IPS2_KM,SKS1_B,SKS2_B,IPK_M
33,L,FISIKA,G2,SD,BPN,BPN,IPS1_KM,IPS2_KM,SKS1_B,SKS2_C,IPK_KM
34,P,FISIKA,G3,SMTA,GRD,BPN,IPS1_M,IPS2_SM,SKS1_B,SKS2_C,IPK_SM
35,P,FISIKA,G1,LL,PDG,PDG,IPS1_KM,IPS2_KM,SKS1_B,SKS2_C,IPK_M
36,P,FISIKA,G3,SRJN,GRD,GRD,IPS1_M,IPS2_KM,SKS1_B,SKS2_B,IPK_M
37,P,FISIKA,G3,SRJN,GRD,PS,IPS1_KM,IPS2_KM,SKS1_B,SKS2_C,IPK_SM
38,L,FISIKA,G3,SMTA,BPN,PS,IPS1_KM,IPS2_KM,SKS1_B,SKS2_B,IPK_M
39,P,FISIKA,G1,SD,BPN,BPN,IPS1_KM,IPS2_M,SKS1_B,SKS2_B,IPK_M
40,L,FISIKA,G3,SMTA,LL,PNS,IPS1_KM,IPS2_KM,SKS1_B,SKS2_C,IPK_M
41,L,FISIKA,G3,SMTA,LL,PNS,IPS1_KM,IPS2_KM,SKS1_K,SKS2_B,IPK_M
42,P,FISIKA,G3,SRJN,GRD,GRD,IPS1_KM,IPS2_KM,SKS1_B,SKS2_C,IPK_M
43,P,FISIKA,G5,SRJN,GRD,PDG,IPS1_KM,IPS2_KM,SKS1_B,SKS2_B,IPK_M
44,L,FISIKA,G1,SMTA,LL,BPN,IPS1_M,IPS2_KM,SKS1_B,SKS2_B,IPK_KM
45,L,FISIKA,G1,LL,BPN,BPN,IPS1_KM,IPS2_KM,SKS1_B,SKS2_B,IPK_M
46,P,FISIKA,G1,SD,LL,PDG,IPS1_M,IPS2_KM,SKS1_B,SKS2_C,IPK_M
47,P,FISIKA,G1,SMP,BPN,BPN,IPS1_KM,IPS2_KM,SKS1_B,SKS2_C,IPK_M
48,L,FISIKA,G2,SD,BPN,BPN,IPS1_KM,IPS2_KM,SKS1_B,SKS2_B,IPK_KM
49,L,FISIKA,G1,LL,BPN,BPN,IPS1_SM,IPS2_M,SKS1_B,SKS2_B,IPK_SM
50,P,FISIKA,G2,SMTA,PS,PS,IPS1_M,IPS2_SM,SKS1_B,SKS2_B,IPK_SM
51,P,FISIKA,G3,SMTA,PDG,PDG,IPS1_KM,IPS2_M,SKS1_B,SKS2_B,IPK_M
52,P,FISIKA,G1,SMTA,PS,BPN,IPS1_SM,IPS2_SM,SKS1_B,SKS2_B,IPK_CUM
53,P,FISIKA,G2,SMP,BPN,LL,IPS1_KM,IPS2_KM,SKS1_B,SKS2_B,IPK_KM
54,P,FISIKA,G3,LL,LL,PSN,IPS1_SM,IPS2_SM,SKS1_B,SKS2_B,IPK_SM
55,P,FISIKA,G3,SMP,LL,LL,IPS1_KM,IPS2_KM,SKS1_B,SKS2_B,IPK_M
56,P,FISIKA,G1,SD,LL,BPN,IPS1_KM,IPS2_KM,SKS1_B,SKS2_B,IPK_M
57,P,FISIKA,G2,SD,LL,PS,IPS1_CUM,IPS2_CUM,SKS1_B,SKS2_B,IPK_CUM
58,P,FISIKA,G3,SD,PDG,PDG,IPS1_KM,IPS2_KM,SKS1_B,SKS2_B,IPK_KM
59,P,FISIKA,G2,SD,LL,LL,IPS1_KM,IPS2_KM,SKS1_B,SKS2_B,IPK_KM
60,P,FISIKA,G4,SMTA,LL,PDG,IPS1_KM,IPS2_KM,SKS1_B,SKS2_B,IPK_KM
61,P,FISIKA,G3,SRJN,GRD,GRD,IPS1_M,IPS2_M,SKS1_B,SKS2_B,IPK_M
62,L,FISIKA,G3,SMTA,LL,GRD,IPS1_KM,IPS2_KM,SKS1_B,SKS2_B,IPK_M
63,P,FISIKA,G3,SRJN,GRD,LL,IPS1_KM,IPS2_KM,SKS1_B,SKS2_B,IPK_KM
64,P,FISIKA,G3,SMP,LL,PS,IPS1_KM,IPS2_KM,SKS1_B,SKS2_B,IPK_M
65,L,FISIKA,G2,SD,BPN,PSN,IPS1_KM,IPS2_KM,SKS1_B,SKS2_B,IPK_M
66,P,FISIKA,G2,SMP,PS,PS,IPS1_KM,IPS2_M,SKS1_B,SKS2_B,IPK_SM
67,P,FISIKA,G2,SD,PDG,GRD,IPS1_KM,IPS2_M,SKS1_B,SKS2_B,IPK_SM
68,L,FISIKA,G3,SRJN,GRD,GRD,IPS1_M,IPS2_KM,SKS1_B,SKS2_B,IPK_M
69,P,FISIKA,G1,SD,PDG,PDG,IPS1_KM,IPS2_KM,SKS1_B,SKS2_B,IPK_M
70,P,FISIKA,G1,SMTA,LL,GRD,IPS1_SM,IPS2_M,SKS1_B,SKS2_B,IPK_SM
71,P,FISIKA,G1,SMP,LL,BPN,IPS1_KM,IPS2_KM,SKS1_B,SKS2_B,IPK_M
72,L,FISIKA,G2,SMTA,BPN,BPN,IPS1_KM,IPS2_KM,SKS1_B,SKS2_B,IPK_M
73,L,FISIKA,G3,SRJN,GRD,PDG,IPS1_M,IPS2_KM,SKS1_B,SKS2_B,IPK_M
74,P,FISIKA,G2,SMTA,PDG,PDG,IPS1_KM,IPS2_KM,SKS1_B,SKS2_B,IPK_KM
75,L,FISIKA,G3,SRJN,PDG,PSN,IPS1_KM,IPS2_KM,SKS1_B,SKS2_B,IPK_KM
76,P,FISIKA,G3,SD,LL,GRD,IPS1_KM,IPS2_M,SKS1_B,SKS2_B,IPK_M
77,P,FISIKA,G1,SD,BPN,BPN,IPS1_KM,IPS2_M,SKS1_B,SKS2_B,IPK_M
78,P,FISIKA,G2,LL,PDG,PDG,IPS1_KM,IPS2_KM,SKS1_B,SKS2_B,IPK_KM
79,L,FISIKA,G2,SD,PDG,PDG,IPS1_KM,IPS2_KM,SKS1_B,SKS2_B,IPK_M
80,P,FISIKA,G3,SD,LL,PNS,IPS1_M,IPS2_SM,SKS1_B,SKS2_B,IPK_SM
81,L,FISIKA,G2,LL,PDG,PDG,IPS1_KM,IPS2_KM,SKS1_B,SKS2_B,IPK_M
82,L,FISIKA,G3,SRJN,GRD,PSN,IPS1_KM,IPS2_KM,SKS1_B,SKS2_B,IPK_KM
83,L,FISIKA,G2,SMTA,PDG,GRD,IPS1_KM,IPS2_KM,SKS1_B,SKS2_B,IPK_KM
84,P,FISIKA,G2,SRJN,GRD,GRD,IPS1_KM,IPS2_KM,SKS1_B,SKS2_B,IPK_KM
85,P,FISIKA,G2,SRJN,PDG,PDG,IPS1_KM,IPS2_KM,SKS1_B,SKS2_C,IPK_KM
86,P,FISIKA,G4,SMTA,PDG,GRD,IPS1_KM,IPS2_KM,SKS1_B,SKS2_B,IPK_M
87,P,FISIKA,G2,SRJN,GRD,PDG,IPS1_KM,IPS2_KM,SKS1_B,SKS2_C,IPK_M
88,P,FISIKA,G4,SRJN,GRD,PNS,IPS1_M,IPS2_M,SKS1_B,SKS2_B,IPK_M
89,P,FISIKA,G4,SRJN,GRD,PNS,IPS1_KM,IPS2_KM,SKS1_B,SKS2_B,IPK_KM
90,L,FISIKA,G2,SD,LL,PS,IPS1_SM,IPS2_SM,SKS1_B,SKS2_B,IPK_M
91,P,FISIKA,G3,SMTA,LL,PDG,IPS1_KM,IPS2_M,SKS1_B,SKS2_B,IPK_SM
92,L,FISIKA,G3,SRJN,GRD,GRD,IPS1_SM,IPS2_M,SKS1_B,SKS2_B,IPK_SM
93,L,FISIKA,G2,SD,BPN,PDG,IPS1_SM,IPS2_SM,SKS1_B,SKS2_B,IPK_SM
94,L,FISIKA,G2,LL,PDG,PDG,IPS1_SM,IPS2_SM,SKS1_B,SKS2_B,IPK_SM
95,P,FISIKA,G2,SMTA,PDG,PS,IPS1_KM,IPS2_KM,SKS1_B,SKS2_B,IPK_M
96,L,FISIKA,G3,SRJN,PDG,ABRI,IPS1_KM,IPS2_KM,SKS1_B,SKS2_C,IPK_KM
97,P,FISIKA,G2,SMTA,PDG,LL,IPS1_KM,IPS2_KM,SKS1_B,SKS2_B,IPK_SM
98,P,FISIKA,G3,SD,PDG,PDG,IPS1_KM,IPS2_M,SKS1_B,SKS2_B,IPK_M
99,L,FISIKA,G2,LL,PDG,BPN,IPS1_KM,IPS2_KM,SKS1_B,SKS2_B,IPK_KM
100,L,FISIKA,G3,SD,LL,PS,IPS1_SM,IPS2_KM,SKS1_B,SKS2_B,IPK_SM
101,P,FISIKA,G1,SD,LL,PDG,IPS1_SM,IPS2_M,SKS1_B,SKS2_B,IPK_SM
102,P,FISIKA,G3,SMTA,LL,PDG,IPS1_KM,IPS2_KM,SKS1_B,SKS2_B,IPK_M
103,L,FISIKA,G2,SMTA,BPN,BPN,IPS1_KM,IPS2_KM,SKS1_B,SKS2_B,IPK_KM
104,L,FISIKA,G1,SD,BPN,BPN,IPS1_M,IPS2_M,SKS1_B,SKS2_B,IPK_SM
105,P,FISIKA,G1,SMP,LL,LL,IPS1_KM,IPS2_KM,SKS1_B,SKS2_B,IPK_M
106,P,FISIKA,G2,SD,BPN,BPN,IPS1_KM,IPS2_KM,SKS1_B,SKS2_B,IPK_M
107,P,FISIKA,G2,LL,BPN,BPN,IPS1_KM,IPS2_KM,SKS1_B,SKS2_B,IPK_M
108,P,FISIKA,G3,SRJN,GRD,GRD,IPS1_M,IPS2_SM,SKS1_B,SKS2_B,IPK_SM
109,P,FISIKA,G3,SMTA,LL,PNS,IPS1_KM,IPS2_M,SKS1_B,SKS2_B,IPK_SM
110,P,FISIKA,G3,SMTA,LL,GRD,IPS1_KM,IPS2_KM,SKS1_B,SKS2_B,IPK_KM
111,L,FISIKA,G4,SRJN,GRD,PNS,IPS1_KM,IPS2_KM,SKS1_B,SKS2_B,IPK_M
112,P,FISIKA,G3,SMTA,PS,PS,IPS1_KM,IPS2_KM,SKS1_B,SKS2_B,IPK_KM
113,L,FISIKA,G2,SD,LL,BPN,IPS1_M,IPS2_M,SKS1_B,SKS2_B,IPK_SM
114,L,FISIKA,G2,SMTA,PDG,PDG,IPS1_M,IPS2_KM,SKS1_B,SKS2_B,IPK_SM
115,P,FISIKA,G1,SD,PDG,PDG,IPS1_KM,IPS2_KM,SKS1_B,SKS2_B,IPK_KM
116,L,FISIKA,G2,SMTA,LL,GRD,IPS1_KM,IPS2_KM,SKS1_B,SKS2_C,IPK_KM
117,L,FISIKA,G4,SRJN,GRD,ABRI,IPS1_SM,IPS2_CUM,SKS1_B,SKS2_B,IPK_SM
118,L,FISIKA,G1,SMTA,LL,PS,IPS1_SM,IPS2_CUM,SKS1_B,SKS2_B,IPK_CUM
119,P,FISIKA,G3,SRJN,GRD,GRD,IPS1_CUM,IPS2_SM,SKS1_B,SKS2_B,IPK_CUM
120,P,FISIKA,G1,SMTA,PDG,BPN,IPS1_M,IPS2_SM,SKS1_B,SKS2_B,IPK_SM
121,L,FISIKA,G2,LL,BPN,BPN,IPS1_KM,IPS2_KM,SKS1_B,SKS2_B,IPK_M
122,L,FISIKA,G3,SMTA,PSN,PSN,IPS1_KM,IPS2_KM,SKS1_B,SKS2_B,IPK_M
123,P,FISIKA,G4,SMTA,LL,PNS,IPS1_KM,IPS2_KM,SKS1_B,SKS2_C,IPK_M
124,P,FISIKA,G2,SD,LL,PS,IPS1_KM,IPS2_KM,SKS1_B,SKS2_B,IPK_M
125,P,FISIKA,G2,LL,LL,BPN,IPS1_KM,IPS2_KM,SKS1_B,SKS2_B,IPK_M
126,P,FISIKA,G4,SRJN,GRD,GRD,IPS1_M,IPS2_KM,SKS1_B,SKS2_B,IPK_SM
127,L,FISIKA,G3,SMP,LL,PNS,IPS1_KM,IPS2_KM,SKS1_B,SKS2_B,IPK_M
128,P,FISIKA,G1,SD,BPN,BPN,IPS1_KM,IPS2_KM,SKS1_B,SKS2_B,IPK_SM
129,P,FISIKA,G5,SRJN,LL,PNS,IPS1_KM,IPS2_KM,SKS1_B,SKS2_B,IPK_SM
130,P,FISIKA,G1,SD,BPN,BPN,IPS1_M,IPS2_SM,SKS1_B,SKS2_B,IPK_SM
131,L,FISIKA,G3,LL,BPN,PNS,IPS1_KM,IPS2_KM,SKS1_B,SKS2_B,IPK_M
132,P,FISIKA,G1,SRJN,LL,PDG,IPS1_KM,IPS2_KM,SKS1_B,SKS2_B,IPK_M
133,P,FISIKA,G2,SMTA,LL,PS,IPS1_SM,IPS2_CUM,SKS1_B,SKS2_B,IPK_SM
134,P,FISIKA,G4,SMTA,PDG,GRD,IPS1_M,IPS2_M,SKS1_B,SKS2_B,IPK_SM
135,P,FISIKA,G2,SMP,LL,PS,IPS1_KM,IPS2_KM,SKS1_B,SKS2_B,IPK_M
136,L,FISIKA,G1,SMP,BPN,PDG,IPS1_KM,IPS2_M,SKS1_B,SKS2_B,IPK_M
137,P,FISIKA,G2,SD,BPN,PSN,IPS1_M,IPS2_KM,SKS1_B,SKS2_B,IPK_SM
138,L,FISIKA,G2,LL,BPN,BPN,IPS1_KM,IPS2_KM,SKS1_B,SKS2_B,IPK_KM
139,L,FISIKA,G2,SMP,PDG,GRD,IPS1_SM,IPS2_SM,SKS1_B,SKS2_B,IPK_CUM
140,P,FISIKA,G3,SMTA,LL,GRD,IPS1_KM,IPS2_KM,SKS1_B,SKS2_B,IPK_M
141,L,FISIKA,G4,SRJN,GRD,PNS,IPS1_M,IPS2_KM,SKS1_B,SKS2_B,IPK_SM
142,L,FISIKA,G5,SRJN,GRD,PDG,IPS1_KM,IPS2_KM,SKS1_B,SKS2_B,IPK_M
143,P,FISIKA,G2,SMTA,PDG,PSN,IPS1_M,IPS2_M,SKS1_B,SKS2_B,IPK_SM
144,P,FISIKA,G4,SMTA,LL,PNS,IPS1_M,IPS2_M,SKS1_B,SKS2_B,IPK_M
145,L,FISIKA,G4,SMTA,PDG,PS,IPS1_KM,IPS2_KM,SKS1_B,SKS2_B,IPK_KM
146,L,FISIKA,G1,SD,PDG,PDG,IPS1_M,IPS2_KM,SKS1_B,SKS2_B,IPK_SM
147,P,FISIKA,G1,SD,BPN,BPN,IPS1_M,IPS2_M,SKS1_B,SKS2_B,IPK_SM
148,L,FISIKA,G4,SMTA,PDG,PNS,IPS1_M,IPS2_SM,SKS1_B,SKS2_B,IPK_SM
149,P,FISIKA,G4,SD,PDG,GRD,IPS1_SM,IPS2_SM,SKS1_B,SKS2_B,IPK_SM
150,P,FISIKA,G4,SMTA,LL,PNS,IPS1_SM,IPS2_M,SKS1_B,SKS2_B,IPK_SM
151,P,FISIKA,G2,LL,BPN,BPN,IPS1_KM,IPS2_M,SKS1_B,SKS2_B,IPK_KM
152,P,FISIKA,G3,SMTA,PDG,PNS,IPS1_M,IPS2_KM,SKS1_B,SKS2_B,IPK_SM
153,P,FISIKA,G2,SD,BPN,LL,IPS1_M,IPS2_KM,SKS1_B,SKS2_B,IPK_SM
154,P,FISIKA,G5,SMTA,PDG,PDG,IPS1_KM,IPS2_KM,SKS1_B,SKS2_B,IPK_M
155,P,FISIKA,G1,SMTA,BPN,BPN,IPS1_KM,IPS2_M,SKS1_B,SKS2_B,IPK_KM
156,L,FISIKA,G2,SD,LL,LL,IPS1_M,IPS2_M,SKS1_B,SKS2_B,IPK_SM
157,L,FISIKA,G2,SMTA,PDG,BPN,IPS1_M,IPS2_KM,SKS1_B,SKS2_B,IPK_SM
158,P,FISIKA,G1,SMP,BPN,BPN,IPS1_KM,IPS2_KM,SKS1_B,SKS2_B,IPK_M
159,L,FISIKA,G2,SD,BPN,BPN,IPS1_KM,IPS2_KM,SKS1_B,SKS2_B,IPK_SM
160,L,FISIKA,G4,SMP,LL,PDG,IPS1_KM,IPS2_SM,SKS1_B,SKS2_B,IPK_SM
161,P,FISIKA,G2,SMTA,PS,PS,IPS1_M,IPS2_KM,SKS1_B,SKS2_B,IPK_SM
162,P,FISIKA,G2,LL,BPN,BPN,IPS1_M,IPS2_SM,SKS1_B,SKS2_B,IPK_SM
163,P,FISIKA,G2,SD,BPN,PDG,IPS1_KM,IPS2_SM,SKS1_B,SKS2_B,IPK_SM
164,L,FISIKA,G3,SMTA,PDG,PDG,IPS1_M,IPS2_KM,SKS1_B,SKS2_B,IPK_M
165,P,FISIKA,G2,SD,BPN,BPN,IPS1_SM,IPS2_CUM,SKS1_B,SKS2_B,IPK_SM
166,L,FISIKA,G3,SMTA,LL,GRD,IPS1_KM,IPS2_KM,SKS1_B,SKS2_B,IPK_M
167,L,FISIKA,G3,SMP,LL,PS,IPS1_KM,IPS2_M,SKS1_B,SKS2_B,IPK_SM
168,L,FISIKA,G3,SRJN,PDG,GRD,IPS1_CUM,IPS2_CUM,SKS1_B,SKS2_B,IPK_CUM
169,P,FISIKA,G2,SD,LL,PDG,IPS1_SM,IPS2_M,SKS1_B,SKS2_B,IPK_M
170,P,FISIKA,G3,LL,PDG,PDG,IPS1_M,IPS2_KM,SKS1_B,SKS2_B,IPK_SM
171,P,FISIKA,G3,SRJN,PSN,PSN,IPS1_M,IPS2_M,SKS1_B,SKS2_B,IPK_M
172,L,FISIKA,G2,SMTA,LL,LL,IPS1_KM,IPS2_M,SKS1_B,SKS2_B,IPK_SM
173,L,FISIKA,G5,SRJN,PS,PS,IPS1_KM,IPS2_M,SKS1_B,SKS2_B,IPK_M
174,L,FISIKA,G4,SMTA,LL,ABRI,IPS1_KM,IPS2_M,SKS1_B,SKS2_B,IPK_SM
175,L,FISIKA,G2,SMTA,PDG,PDG,IPS1_SM,IPS2_SM,SKS1_B,SKS2_SB,IPK_SM
176,L,FISIKA,G4,SMP,LL,PDG,IPS1_SM,IPS2_M,SKS1_B,SKS2_B,IPK_SM
177,L,FISIKA,G3,SMTA,LL,LL,IPS1_KM,IPS2_CUM,SKS1_B,SKS2_B,IPK_SM
178,L,FISIKA,G3,SMTA,BPN,PDG,IPS1_M,IPS2_KM,SKS1_B,SKS2_B,IPK_M
179,L,FISIKA,G4,SRJN,GRD,PSN,IPS1_M,IPS2_M,SKS1_B,SKS2_B,IPK_SM
180,P,FISIKA,G4,SRJN,PS,PS,IPS1_M,IPS2_SM,SKS1_B,SKS2_SB,IPK_SM
181,P,FISIKA,G4,SRJN,GRD,PS,IPS1_SM,IPS2_SM,SKS1_B,SKS2_SB,IPK_SM
182,P,FISIKA,G3,SMTA,LL,PDG,IPS1_KM,IPS2_M,SKS1_B,SKS2_B,IPK_SM
183,P,FISIKA,G3,LL,LL,PSN,IPS1_KM,IPS2_SM,SKS1_B,SKS2_B,IPK_SM
184,L,FISIKA,G3,SMTA,PNS,BPN,IPS1_M,IPS2_M,SKS1_B,SKS2_B,IPK_M
185,P,FISIKA,G3,SMP,PNS,BPN,IPS1_SM,IPS2_CUM,SKS1_B,SKS2_B,IPK_SM
186,L,FISIKA,G1,LL,BPN,BPN,IPS1_M,IPS2_SM,SKS1_B,SKS2_B,IPK_SM
187,P,FISIKA,G3,SMP,LL,PS,IPS1_CUM,IPS2_SM,SKS1_B,SKS2_SB,IPK_SM
188,L,FISIKA,G3,SD,BPN,GRD,IPS1_SM,IPS2_M,SKS1_B,SKS2_B,IPK_SM
189,P,FISIKA,G2,SMP,PDG,LL,IPS1_SM,IPS2_M,SKS1_B,SKS2_B,IPK_SM
190,P,FISIKA,G3,SMTA,PS,PS,IPS1_SM,IPS2_M,SKS1_B,SKS2_B,IPK_SM
191,L,FISIKA,G4,SMTA,LL,PNS,IPS1_KM,IPS2_SM,SKS1_B,SKS2_B,IPK_SM
192,L,FISIKA,G5,SRJN,GRD,PNS,IPS1_M,IPS2_CUM,SKS1_B,SKS2_SB,IPK_SM
193,L,FISIKA,G2,SMP,LL,BPN,IPS1_M,IPS2_SM,SKS1_B,SKS2_B,IPK_SM
194,P,FISIKA,G3,SRJN,PNS,BPN,IPS1_SM,IPS2_SM,SKS1_B,SKS2_SB,IPK_CUM
195,L,FISIKA,G3,SMTA,LL,PS,IPS1_KM,IPS2_KM,SKS1_B,SKS2_B,IPK_KM
196,P,FISIKA,G2,SMP,BPN,BPN,IPS1_SM,IPS2_CUM,SKS1_B,SKS2_SB,IPK_CUM
197,L,FISIKA,G4,SRJN,LL,PNS,IPS1_KM,IPS2_KM,SKS1_B,SKS2_B,IPK_M
198,L,FISIKA,G3,SD,PDG,GRD,IPS1_M,IPS2_M,SKS1_B,SKS2_SB,IPK_SM
199,P,FISIKA,G3,SMTA,LL,PDG,IPS1_M,IPS2_M,SKS1_B,SKS2_B,IPK_M
200,L,FISIKA,G4,SMTA,PDG,PNS,IPS1_KM,IPS2_M,SKS1_B,SKS2_B,IPK_SM
201,P,FISIKA,G4,SMP,LL,PDG,IPS1_KM,IPS2_M,SKS1_B,SKS2_B,IPK_M
202,P,FISIKA,G3,SMTA,PS,PDG,IPS1_KM,IPS2_M,SKS1_B,SKS2_B,IPK_SM
203,P,FISIKA,G3,SMP,LL,PNS,IPS1_SM,IPS2_SM,SKS1_B,SKS2_SB,IPK_SM
204,P,FISIKA,G2,SD,LL,PS,IPS1_KM,IPS2_M,SKS1_B,SKS2_B,IPK_SM
205,P,FISIKA,G2,SMTA,LL,BPN,IPS1_SM,IPS2_SM,SKS1_B,SKS2_SB,IPK_SM
206,P,FISIKA,G2,SD,PDG,PDG,IPS1_SM,IPS2_SM,SKS1_B,SKS2_SB,IPK_SM
207,P,FISIKA,G2,LL,BPN,BPN,IPS1_M,IPS2_SM,SKS1_B,SKS2_B,IPK_SM
208,P,FISIKA,G3,SMTA,LL,PNS,IPS1_M,IPS2_CUM,SKS1_B,SKS2_B,IPK_CUM
209,L,FISIKA,G3,SMTA,LL,ABRI,IPS1_M,IPS2_KM,SKS1_B,SKS2_B,IPK_SM
210,L,FISIKA,G3,SMTA,LL,PS,IPS1_M,IPS2_M,SKS1_B,SKS2_B,IPK_SM
211,P,FISIKA,G3,SRJN,GRD,PSN,IPS1_M,IPS2_M,SKS1_B,SKS2_B,IPK_SM
212,L,FISIKA,G4,SD,LL,PS,IPS1_SM,IPS2_M,SKS1_B,SKS2_SB,IPK_SM
213,P,FISIKA,G2,SD,LL,PS,IPS1_CUM,IPS2_CUM,SKS1_B,SKS2_SB,IPK_CUM
214,P,FISIKA,G2,SD,LL,PSN,IPS1_M,IPS2_KM,SKS1_B,SKS2_B,IPK_M
215,P,FISIKA,G2,SMP,LL,PDG,IPS1_KM,IPS2_KM,SKS1_B,SKS2_B,IPK_M
216,P,FISIKA,G3,SD,PDG,PDG,IPS1_M,IPS2_KM,SKS1_B,SKS2_B,IPK_KM
217,P,FISIKA,G4,SRJN,GRD,PNS,IPS1_KM,IPS2_KM,SKS1_B,SKS2_B,IPK_M
218,P,FISIKA,G3,SMP,LL,PNS,IPS1_CUM,IPS2_SM,SKS1_B,SKS2_SB,IPK_CUM
219,P,FISIKA,G4,SMP,PDG,ABRI,IPS1_M,IPS2_KM,SKS1_B,SKS2_B,IPK_SM
220,P,FISIKA,G3,SMTA,LL,PS,IPS1_M,IPS2_KM,SKS1_B,SKS2_B,IPK_SM
221,L,FISIKA,G4,SMTA,PDG,GRD,IPS1_KM,IPS2_KM,SKS1_B,SKS2_B,IPK_M
222,L,FISIKA,G4,SRJN,GRD,PNS,IPS1_KM,IPS2_SM,SKS1_B,SKS2_B,IPK_SM
223,P,FISIKA,G1,LL,LL,PSN,IPS1_KM,IPS2_KM,SKS1_B,SKS2_B,IPK_SM
224,P,FISIKA,G3,SMP,PDG,PDG,IPS1_KM,IPS2_KM,SKS1_B,SKS2_B,IPK_M
225,P,FISIKA,G3,SRJN,GRD,BPN,IPS1_M,IPS2_M,SKS1_B,SKS2_B,IPK_M
226,P,FISIKA,G1,SRJN,GRD,LL,IPS1_SM,IPS2_CUM,SKS1_B,SKS2_SB,IPK_SM
227,P,FISIKA,G4,SMTA,LL,PDG,IPS1_KM,IPS2_M,SKS1_B,SKS2_B,IPK_SM
228,P,FISIKA,G2,SD,LL,BPN,IPS1_M,IPS2_M,SKS1_B,SKS2_B,IPK_SM
229,L,FISIKA,G2,SD,BPN,PDG,IPS1_M,IPS2_KM,SKS1_B,SKS2_B,IPK_M
230,L,FISIKA,G3,SD,BPN,PDG,IPS1_SM,IPS2_CUM,SKS1_B,SKS2_SB,IPK_CUM
231,L,FISIKA,G3,SMTA,PDG,PSN,IPS1_KM,IPS2_M,SKS1_B,SKS2_C,IPK_SM
232,P,FISIKA,G3,SMTA,PDG,PNS,IPS1_M,IPS2_KM,SKS1_B,SKS2_B,IPK_SM
233,P,FISIKA,G3,SMTA,LL,PS,IPS1_SM,IPS2_SM,SKS1_B,SKS2_SB,IPK_SM
234,L,FISIKA,G3,SRJN,GRD,PDG,IPS1_KM,IPS2_KM,SKS1_B,SKS2_B,IPK_M
235,P,FISIKA,G2,SD,BPN,PDG,IPS1_SM,IPS2_SM,SKS1_B,SKS2_SB,IPK_SM
236,L,FISIKA,G1,SD,LL,BPN,IPS1_SM,IPS2_KM,SKS1_B,SKS2_SB,IPK_M
237,P,FISIKA,G2,SD,BPN,PDG,IPS1_SM,IPS2_CUM,SKS1_B,SKS2_SB,IPK_CUM
238,P,FISIKA,G2,SMP,LL,PDG,IPS1_SM,IPS2_SM,SKS1_B,SKS2_SB,IPK_SM
239,P,FISIKA,G1,SD,BPN,BPN,IPS1_SM,IPS2_CUM,SKS1_B,SKS2_SB,IPK_CUM
240,P,FISIKA,G4,SRJN,PNS,PSN,IPS1_SM,IPS2_SM,SKS1_B,SKS2_SB,IPK_SM
241,L,FISIKA,G2,LL,LL,BPN,IPS1_SM,IPS2_SM,SKS1_B,SKS2_SB,IPK_SM
242,P,FISIKA,G2,SRJN,LL,PS,IPS1_SM,IPS2_SM,SKS1_B,SKS2_SB,IPK_CUM
243,L,FISIKA,G2,SMTA,PDG,PDG,IPS1_SM,IPS2_SM,SKS1_B,SKS2_SB,IPK_SM
244,P,FISIKA,G5,SMTA,PS,PDG,IPS1_SM,IPS2_SM,SKS1_B,SKS2_SB,IPK_SM
245,P,FISIKA,G4,SRJN,GRD,PS,IPS1_KM,IPS2_KM,SKS1_B,SKS2_B,IPK_SM
246,L,FISIKA,G2,SD,LL,BPN,IPS1_SM,IPS2_M,SKS1_B,SKS2_SB,IPK_SM
247,P,FISIKA,G3,SMTA,PDG,PDG,IPS1_M,IPS2_KM,SKS1_B,SKS2_B,IPK_M
248,L,FISIKA,G4,SRJN,PDG,PDG,IPS1_M,IPS2_M,SKS1_B,SKS2_SB,IPK_SM
249,P,FISIKA,G3,SMTA,PS,GRD,IPS1_M,IPS2_KM,SKS1_B,SKS2_B,IPK_SM
250,P,FISIKA,G2,SD,LL,LL,IPS1_KM,IPS2_KM,SKS1_B,SKS2_C,IPK_SM
251,P,FISIKA,G4,SMTA,BPN,GRD,IPS1_CUM,IPS2_CUM,SKS1_B,SKS2_SB,IPK_CUM
252,P,FISIKA,G3,SRJN,GRD,PSN,IPS1_M,IPS2_M,SKS1_B,SKS2_B,IPK_SM
253,P,FISIKA,G4,SMTA,PNS,ABRI,IPS1_SM,IPS2_M,SKS1_B,SKS2_SB,IPK_SM
254,P,FISIKA,G5,SRJN,PNS,GRD,IPS1_M,IPS2_KM,SKS1_B,SKS2_B,IPK_SM
255,P,FISIKA,G7,SRJN,GRD,PS,IPS1_KM,IPS2_KM,SKS1_B,SKS2_B,IPK_SM
256,L,FISIKA,G4,SMTA,LL,GRD,IPS1_KM,IPS2_KM,SKS1_B,SKS2_C,IPK_SM
257,P,FISIKA,G2,SMTA,LL,BPN,IPS1_M,IPS2_SM,SKS1_B,SKS2_SB,IPK_SM
258,L,FISIKA,G2,SD,PDG,PDG,IPS1_M,IPS2_KM,SKS1_B,SKS2_B,IPK_SM
259,P,FISIKA,G2,SMTA,PS,PSN,IPS1_M,IPS2_KM,SKS1_B,SKS2_B,IPK_SM
260,L,FISIKA,G3,SMP,PDG,PS,IPS1_M,IPS2_KM,SKS1_B,SKS2_B,IPK_SM
261,P,FISIKA,G4,SRJN,GRD,PNS,IPS1_SM,IPS2_SM,SKS1_B,SKS2_SB,IPK_CUM
262,L,FISIKA,G6,SMTA,LL,PNS,IPS1_SM,IPS2_M,SKS1_B,SKS2_SB,IPK_SM
263,L,FISIKA,G4,SD,BPN,PSN,IPS1_M,IPS2_SM,SKS1_B,SKS2_SB,IPK_SM
264,P,FISIKA,G4,SMTA,PDG,PNS,IPS1_M,IPS2_KM,SKS1_B,SKS2_B,IPK_SM
265,L,FISIKA,G3,SRJN,PDG,PDG,IPS1_SM,IPS2_M,SKS1_B,SKS2_SB,IPK_SM
266,P,FISIKA,G4,SMTA,LL,GRD,IPS1_SM,IPS2_M,SKS1_B,SKS2_SB,IPK_SM
267,P,FISIKA,G4,SMTA,LL,PS,IPS1_KM,IPS2_KM,SKS1_B,SKS2_B,IPK_SM
268,P,FISIKA,G3,SMTA,LL,LL,IPS1_M,IPS2_KM,SKS1_B,SKS2_SB,IPK_SM
269,P,FISIKA,G4,SMTA,PDG,GRD,IPS1_M,IPS2_KM,SKS1_B,SKS2_SB,IPK_SM
270,P,FISIKA,G2,SD,BPN,BPN,IPS1_M,IPS2_KM,SKS1_B,SKS2_B,IPK_SM
271,P,FISIKA,G4,SMTA,LL,BPN,IPS1_KM,IPS2_KM,SKS1_B,SKS2_B,IPK_SM
272,P,FISIKA,G2,SD,BPN,BPN,IPS1_CUM,IPS2_SM,SKS1_B,SKS2_SB,IPK_CUM
273,P,FISIKA,G3,SMTA,LL,PS,IPS1_SM,IPS2_M,SKS1_B,SKS2_SB,IPK_SM
274,P,FISIKA,G4,SRJN,PNS,PSN,IPS1_M,IPS2_M,SKS1_B,SKS2_B,IPK_SM
275,L,FISIKA,G4,SRJN,PNS,PS,IPS1_KM,IPS2_M,SKS1_B,SKS2_C,IPK_SM
276,P,FISIKA,G2,SMP,LL,BPN,IPS1_CUM,IPS2_CUM,SKS1_B,SKS2_SB,IPK_CUM
277,L,FISIKA,G1,SMP,BPN,PSN,IPS1_SM,IPS2_CUM,SKS1_B,SKS2_SB,IPK_CUM
278,L,FISIKA,G3,SMTA,PDG,PDG,IPS1_CUM,IPS2_CUM,SKS1_B,SKS2_SB,IPK_CUM
279,L,FISIKA,G3,SD,LL,BPN,IPS1_CUM,IPS2_CUM,SKS1_B,SKS2_SB,IPK_CUM
280,P,MTK,G2,SMTA,PS,PS,IPS1_KM,IPS2_KM,SKS1_C,SKS2_C,IPK_SM
281,P,MTK,G2,SMP,LL,PNS,IPS1_SM,IPS2_M,SKS1_C,SKS2_C,IPK_SM
282,P,MTK,G2,SMP,PDG,PDG,IPS1_KM,IPS2_KM,SKS1_B,SKS2_C,IPK_SM
283,P,MTK,G3,SMTA,LL,PNS,IPS1_KM,IPS2_KM,SKS1_B,SKS2_C,IPK_SM
284,L,MTK,G2,SD,LL,PNS,IPS1_SM,IPS2_SM,SKS1_B,SKS2_C,IPK_SM
285,P,MTK,G2,SD,LL,PS,IPS1_SM,IPS2_SM,SKS1_B,SKS2_C,IPK_CUM
286,P,MTK,G3,SRJN,GRD,GRD,IPS1_M,IPS2_KM,SKS1_K,SKS2_K,IPK_SM
287,P,MTK,G2,SMTA,LL,GRD,IPS1_M,IPS2_M,SKS1_B,SKS2_C,IPK_SM
288,P,MTK,G2,SMTA,PDG,PDG,IPS1_SM,IPS2_SM,SKS1_B,SKS2_B,IPK_CUM
289,P,MTK,G3,SRJN,GRD,PDG,IPS1_M,IPS2_M,SKS1_B,SKS2_C,IPK_SM
290,P,MTK,G2,SD,BPN,BPN,IPS1_KM,IPS2_KM,SKS1_C,SKS2_C,IPK_M
291,P,MTK,G3,SRJN,PDG,GRD,IPS1_KM,IPS2_KM,SKS1_B,SKS2_C,IPK_M
292,P,MTK,G3,SMTA,PS,GRD,IPS1_M,IPS2_SM,SKS1_B,SKS2_C,IPK_SM
293,L,MTK,G3,SMTA,GRD,GRD,IPS1_M,IPS2_SM,SKS1_B,SKS2_C,IPK_SM
294,P,MTK,G3,SRJN,GRD,PS,IPS1_KM,IPS2_KM,SKS1_B,SKS2_C,IPK_M
295,L,MTK,G2,SD,BPN,BPN,IPS1_KM,IPS2_KM,SKS1_B,SKS2_C,IPK_KM
296,P,MTK,G2,SRJN,GRD,GRD,IPS1_KM,IPS2_KM,SKS1_B,SKS2_K,IPK_SM
297,P,MTK,G3,SMP,LL,PNS,IPS1_SM,IPS2_SM,SKS1_B,SKS2_C,IPK_SM
298,P,MTK,G3,SRJN,GRD,PDG,IPS1_SM,IPS2_KM,SKS1_B,SKS2_C,IPK_SM
299,L,MTK,G1,SD,PDG,PDG,IPS1_M,IPS2_SM,SKS1_B,SKS2_C,IPK_SM
300,P,MTK,G3,SRJN,GRD,GRD,IPS1_KM,IPS2_SM,SKS1_B,SKS2_C,IPK_SM
301,P,MTK,G3,SMTA,PNS,GRD,IPS1_KM,IPS2_KM,SKS1_B,SKS2_C,IPK_M
302,P,MTK,G3,SMP,LL,GRD,IPS1_SM,IPS2_M,SKS1_B,SKS2_C,IPK_SM
303,L,MTK,G3,SRJN,GRD,PS,IPS1_KM,IPS2_KM,SKS1_K,SKS2_K,IPK_KM
304,P,MTK,G3,SRJN,GRD,PS,IPS1_CUM,IPS2_CUM,SKS1_B,SKS2_C,IPK_CUM
305,L,MTK,G2,LL,BPN,BPN,IPS1_SM,IPS2_KM,SKS1_B,SKS2_C,IPK_SM
306,P,MTK,G2,SMP,PDG,LL,IPS1_CUM,IPS2_CUM,SKS1_B,SKS2_C,IPK_SM
307,L,MTK,G4,SRJN,GRD,GRD,IPS1_M,IPS2_M,SKS1_B,SKS2_B,IPK_SM
308,P,MTK,G1,SD,LL,BPN,IPS1_KM,IPS2_KM,SKS1_K,SKS2_B,IPK_KM
309,P,MTK,G3,LL,PDG,GRD,IPS1_KM,IPS2_SM,SKS1_B,SKS2_B,IPK_SM
310,P,MTK,G3,SMTA,LL,PNS,IPS1_M,IPS2_M,SKS1_B,SKS2_B,IPK_SM
311,P,MTK,G3,SMP,LL,PS,IPS1_M,IPS2_SM,SKS1_B,SKS2_B,IPK_SM
312,P,MTK,G3,SMTA,PDG,PNS,IPS1_M,IPS2_KM,SKS1_B,SKS2_B,IPK_SM
313,L,MTK,G3,SMP,LL,PS,IPS1_KM,IPS2_M,SKS1_B,SKS2_B,IPK_SM
314,P,MTK,G2,SMTA,LL,PNS,IPS1_M,IPS2_KM,SKS1_B,SKS2_B,IPK_SM
315,P,MTK,G1,SD,LL,PSN,IPS1_M,IPS2_KM,SKS1_B,SKS2_B,IPK_SM
316,P,MTK,G2,LL,LL,PDG,IPS1_M,IPS2_M,SKS1_B,SKS2_B,IPK_SM
317,P,MTK,G3,SRJN,GRD,PSN,IPS1_KM,IPS2_KM,SKS1_B,SKS2_B,IPK_SM
318,P,MTK,G1,SMP,BPN,BPN,IPS1_SM,IPS2_SM,SKS1_B,SKS2_B,IPK_SM
319,L,MTK,G3,SD,LL,GRD,IPS1_SM,IPS2_SM,SKS1_B,SKS2_B,IPK_CUM
320,P,MTK,G2,SMTA,LL,PDG,IPS1_KM,IPS2_SM,SKS1_B,SKS2_B,IPK_SM
321,P,MTK,G2,SRJN,GRD,PS,IPS1_KM,IPS2_KM,SKS1_B,SKS2_B,IPK_M
322,L,MTK,G2,SD,LL,BPN,IPS1_KM,IPS2_KM,SKS1_B,SKS2_B,IPK_SM
323,L,MTK,G4,SMTA,GRD,GRD,IPS1_SM,IPS2_SM,SKS1_B,SKS2_B,IPK_SM
324,P,MTK,G2,LL,BPN,PSN,IPS1_KM,IPS2_KM,SKS1_B,SKS2_B,IPK_SM
325,P,MTK,G3,SMTA,LL,PDG,IPS1_KM,IPS2_M,SKS1_B,SKS2_B,IPK_M
326,P,MTK,G2,SD,BPN,PNS,IPS1_KM,IPS2_M,SKS1_B,SKS2_B,IPK_SM
327,P,MTK,G6,SMTA,PNS,PNS,IPS1_M,IPS2_KM,SKS1_B,SKS2_B,IPK_SM
328,L,MTK,G1,SMTA,PS,PS,IPS1_M,IPS2_M,SKS1_C,SKS2_B,IPK_SM
329,P,MTK,G4,SMTA,LL,LL,IPS1_KM,IPS2_KM,SKS1_B,SKS2_B,IPK_SM
330,P,MTK,G1,SD,LL,PDG,IPS1_M,IPS2_KM,SKS1_B,SKS2_B,IPK_SM
331,L,MTK,G4,SMTA,LL,PS,IPS1_M,IPS2_SM,SKS1_B,SKS2_B,IPK_SM
332,P,MTK,G3,SMTA,PDG,PNS,IPS1_M,IPS2_KM,SKS1_B,SKS2_B,IPK_SM
333,P,MTK,G3,SRJN,GRD,PNS,IPS1_KM,IPS2_M,SKS1_B,SKS2_B,IPK_SM
334,L,MTK,G3,SRJN,GRD,GRD,IPS1_KM,IPS2_KM,SKS1_B,SKS2_B,IPK_SM
335,L,MTK,G3,SMTA,GRD,PNS,IPS1_KM,IPS2_KM,SKS1_B,SKS2_B,IPK_SM
336,P,MTK,G2,SRJN,GRD,ABRI,IPS1_KM,IPS2_KM,SKS1_C,SKS2_B,IPK_M
337,L,MTK,G2,SMTA,LL,PSN,IPS1_KM,IPS2_KM,SKS1_B,SKS2_B,IPK_SM
338,L,MTK,G2,SD,LL,PDG,IPS1_M,IPS2_KM,SKS1_B,SKS2_B,IPK_M
339,P,MTK,G1,SD,LL,LL,IPS1_SM,IPS2_SM,SKS1_B,SKS2_B,IPK_SM
340,P,MTK,G3,LL,PS,BPN,IPS1_M,IPS2_SM,SKS1_B,SKS2_B,IPK_SM
341,P,MTK,G3,SRJN,GRD,GRD,IPS1_KM,IPS2_SM,SKS1_B,SKS2_B,IPK_SM
342,P,MTK,G1,SD,PDG,BPN,IPS1_KM,IPS2_KM,SKS1_B,SKS2_B,IPK_M
343,L,MTK,G3,LL,BPN,BPN,IPS1_KM,IPS2_KM,SKS1_B,SKS2_B,IPK_M
344,P,MTK,G2,SRJN,GRD,GRD,IPS1_M,IPS2_SM,SKS1_B,SKS2_B,IPK_SM
345,L,MTK,G2,SD,LL,PDG,IPS1_KM,IPS2_KM,SKS1_B,SKS2_B,IPK_KM
346,P,MTK,G1,SMP,LL,LL,IPS1_M,IPS2_SM,SKS1_B,SKS2_B,IPK_SM
347,P,MTK,G2,SRJN,LL,PDG,IPS1_M,IPS2_M,SKS1_B,SKS2_B,IPK_SM
348,P,MTK,G2,SMP,LL,PDG,IPS1_SM,IPS2_SM,SKS1_B,SKS2_B,IPK_SM
349,P,MTK,G3,SMTA,LL,PNS,IPS1_SM,IPS2_SM,SKS1_B,SKS2_B,IPK_SM
350,L,MTK,G3,SD,BPN,BPN,IPS1_KM,IPS2_KM,SKS1_B,SKS2_B,IPK_KM
351,P,MTK,G3,SMTA,GRD,PDG,IPS1_M,IPS2_M,SKS1_B,SKS2_B,IPK_SM
352,P,MTK,G4,SMTA,PNS,LL,IPS1_M,IPS2_M,SKS1_B,SKS2_B,IPK_SM
353,P,MTK,G1,SMTA,PDG,LL,IPS1_SM,IPS2_M,SKS1_B,SKS2_B,IPK_SM
354,P,MTK,G3,SD,LL,PNS,IPS1_M,IPS2_KM,SKS1_B,SKS2_B,IPK_SM
355,P,MTK,G2,SMTA,LL,PDG,IPS1_SM,IPS2_M,SKS1_B,SKS2_B,IPK_SM
356,P,MTK,G3,SMTA,LL,PNS,IPS1_M,IPS2_SM,SKS1_B,SKS2_B,IPK_SM
357,P,MTK,G1,SMTA,LL,PS,IPS1_KM,IPS2_KM,SKS1_B,SKS2_B,IPK_SM
358,P,MTK,G3,SRJN,LL,GRD,IPS1_KM,IPS2_KM,SKS1_B,SKS2_B,IPK_KM
359,L,MTK,G7,SRJN,LL,PS,IPS1_SM,IPS2_M,SKS1_B,SKS2_B,IPK_SM
360,P,MTK,G3,SMTA,LL,PSN,IPS1_M,IPS2_M,SKS1_B,SKS2_B,IPK_SM
361,P,MTK,G3,SMTA,LL,PDG,IPS1_SM,IPS2_SM,SKS1_B,SKS2_B,IPK_SM
362,L,MTK,G4,SMTA,LL,PS,IPS1_M,IPS2_KM,SKS1_B,SKS2_B,IPK_SM
363,P,MTK,G3,LL,LL,PDG,IPS1_M,IPS2_SM,SKS1_B,SKS2_B,IPK_SM
364,P,MTK,G1,LL,LL,LL,IPS1_KM,IPS2_KM,SKS1_B,SKS2_B,IPK_SM
365,P,MTK,G2,LL,BPN,BPN,IPS1_KM,IPS2_KM,SKS1_B,SKS2_B,IPK_SM
366,L,MTK,G2,SD,LL,PDG,IPS1_KM,IPS2_SM,SKS1_B,SKS2_B,IPK_SM
367,P,MTK,G2,SMTA,LL,PS,IPS1_SM,IPS2_M,SKS1_B,SKS2_B,IPK_SM
368,P,MTK,G3,SMP,PDG,PDG,IPS1_KM,IPS2_KM,SKS1_B,SKS2_B,IPK_M
369,L,MTK,G1,SD,BPN,PDG,IPS1_KM,IPS2_KM,SKS1_B,SKS2_B,IPK_SM
370,P,MTK,G3,SRJN,GRD,GRD,IPS1_KM,IPS2_SM,SKS1_B,SKS2_B,IPK_SM
371,P,MTK,G4,SMTA,PS,PDG,IPS1_M,IPS2_M,SKS1_B,SKS2_B,IPK_KM
372,P,MTK,G1,SD,LL,BPN,IPS1_KM,IPS2_KM,SKS1_B,SKS2_B,IPK_SM
373,P,MTK,G2,SD,PDG,LL,IPS1_KM,IPS2_SM,SKS1_B,SKS2_B,IPK_SM
374,L,MTK,G4,SRJN,PNS,PNS,IPS1_KM,IPS2_KM,SKS1_B,SKS2_B,IPK_KM
375,P,MTK,G3,SMP,LL,BPN,IPS1_KM,IPS2_KM,SKS1_B,SKS2_B,IPK_SM
376,P,MTK,G1,LL,BPN,BPN,IPS1_KM,IPS2_KM,SKS1_B,SKS2_B,IPK_M
377,P,MTK,G4,SD,LL,PDG,IPS1_M,IPS2_KM,SKS1_B,SKS2_B,IPK_SM
378,L,MTK,G3,SRJN,GRD,PS,IPS1_KM,IPS2_KM,SKS1_B,SKS2_B,IPK_SM
379,P,MTK,G3,SMTA,LL,GRD,IPS1_M,IPS2_M,SKS1_B,SKS2_B,IPK_SM
380,P,MTK,G3,SMTA,LL,GRD,IPS1_KM,IPS2_SM,SKS1_B,SKS2_B,IPK_SM
381,P,MTK,G3,SMTA,LL,ABRI,IPS1_KM,IPS2_M,SKS1_B,SKS2_B,IPK_SM
382,P,MTK,G4,SRJN,PNS,PNS,IPS1_M,IPS2_SM,SKS1_B,SKS2_B,IPK_SM
383,L,MTK,G2,SMTA,PDG,GRD,IPS1_SM,IPS2_SM,SKS1_B,SKS2_B,IPK_SM
384,P,MTK,G3,SMP,PDG,PS,IPS1_KM,IPS2_M,SKS1_B,SKS2_B,IPK_SM
385,P,MTK,G3,SMTA,LL,PS,IPS1_SM,IPS2_SM,SKS1_B,SKS2_B,IPK_SM
386,P,MTK,G2,SMTA,LL,PSN,IPS1_M,IPS2_SM,SKS1_B,SKS2_B,IPK_SM
387,P,MTK,G3,SMTA,LL,PSN,IPS1_KM,IPS2_KM,SKS1_B,SKS2_B,IPK_M
388,P,MTK,G5,SRJN,PS,GRD,IPS1_KM,IPS2_KM,SKS1_B,SKS2_B,IPK_KM
389,P,MTK,G3,SD,BPN,GRD,IPS1_M,IPS2_KM,SKS1_B,SKS2_B,IPK_SM
390,P,MTK,G3,SRJN,PNS,PNS,IPS1_SM,IPS2_M,SKS1_B,SKS2_B,IPK_SM
391,P,MTK,G1,SMP,PDG,BPN,IPS1_KM,IPS2_KM,SKS1_B,SKS2_B,IPK_M
392,P,MTK,G1,SMTA,LL,PS,IPS1_M,IPS2_SM,SKS1_B,SKS2_B,IPK_SM
393,L,MTK,G1,SD,BPN,BPN,IPS1_M,IPS2_KM,SKS1_B,SKS2_B,IPK_SM
394,P,MTK,G2,SMTA,LL,PDG,IPS1_SM,IPS2_SM,SKS1_B,SKS2_B,IPK_SM
395,L,MTK,G3,SMTA,LL,GRD,IPS1_M,IPS2_KM,SKS1_B,SKS2_B,IPK_SM
396,P,MTK,G2,SD,LL,PSN,IPS1_M,IPS2_KM,SKS1_B,SKS2_B,IPK_SM
397,L,MTK,G3,SD,PDG,BPN,IPS1_M,IPS2_KM,SKS1_B,SKS2_B,IPK_SM
398,P,MTK,G1,SMTA,LL,LL,IPS1_M,IPS2_M,SKS1_B,SKS2_B,IPK_SM
399,P,MTK,G2,SMP,BPN,BPN,IPS1_M,IPS2_M,SKS1_B,SKS2_B,IPK_SM
400,P,MTK,G2,SMP,PDG,PDG,IPS1_KM,IPS2_KM,SKS1_B,SKS2_B,IPK_KM
401,L,MTK,G4,SMTA,LL,ABRI,IPS1_KM,IPS2_SM,SKS1_B,SKS2_B,IPK_SM
402,P,MTK,G3,SMTA,PS,PS,IPS1_M,IPS2_M,SKS1_B,SKS2_B,IPK_SM
403,P,MTK,G3,SD,LL,PSN,IPS1_SM,IPS2_KM,SKS1_B,SKS2_B,IPK_SM
404,P,MTK,G5,SRJN,PDG,PDG,IPS1_M,IPS2_M,SKS1_B,SKS2_B,IPK_SM
405,P,MTK,G3,SMTA,LL,PDG,IPS1_SM,IPS2_KM,SKS1_B,SKS2_B,IPK_SM
406,L,MTK,G2,SRJN,PDG,PS,IPS1_KM,IPS2_KM,SKS1_B,SKS2_B,IPK_KM
407,P,MTK,G1,SMTA,BPN,BPN,IPS1_KM,IPS2_KM,SKS1_B,SKS2_B,IPK_KM
408,P,MTK,G2,LL,PDG,LL,IPS1_KM,IPS2_M,SKS1_B,SKS2_B,IPK_SM
409,P,MTK,G2,SD,PDG,PDG,IPS1_M,IPS2_SM,SKS1_B,SKS2_B,IPK_SM
410,P,MTK,G2,SD,BPN,BPN,IPS1_SM,IPS2_KM,SKS1_B,SKS2_B,IPK_SM
411,P,MTK,G3,SRJN,GRD,GRD,IPS1_KM,IPS2_KM,SKS1_B,SKS2_B,IPK_KM
412,L,MTK,G4,SMTA,PDG,GRD,IPS1_KM,IPS2_KM,SKS1_B,SKS2_B,IPK_KM
413,P,MTK,G2,SMP,BPN,BPN,IPS1_KM,IPS2_KM,SKS1_B,SKS2_B,IPK_KM
414,L,MTK,G3,SMTA,LL,PDG,IPS1_KM,IPS2_SM,SKS1_B,SKS2_B,IPK_SM
415,P,MTK,G4,SRJN,GRD,PDG,IPS1_KM,IPS2_KM,SKS1_B,SKS2_B,IPK_M
416,L,MTK,G2,SMTA,PDG,PDG,IPS1_KM,IPS2_KM,SKS1_B,SKS2_B,IPK_KM
417,P,MTK,G3,SMTA,LL,PS,IPS1_KM,IPS2_KM,SKS1_B,SKS2_B,IPK_M
418,P,MTK,G3,SMTA,LL,PNS,IPS1_KM,IPS2_KM,SKS1_B,SKS2_B,IPK_M
419,L,MTK,G4,SMTA,LL,PNS,IPS1_KM,IPS2_KM,SKS1_B,SKS2_B,IPK_KM
420,P,MTK,G3,SMTA,PDG,PDG,IPS1_KM,IPS2_KM,SKS1_B,SKS2_B,IPK_SM
421,P,MTK,G5,SMTA,PDG,PDG,IPS1_KM,IPS2_KM,SKS1_B,SKS2_B,IPK_M
422,L,MTK,G3,SMTA,PDG,BPN,IPS1_KM,IPS2_KM,SKS1_B,SKS2_B,IPK_KM
423,L,MTK,G3,SMTA,LL,PSN,IPS1_KM,IPS2_KM,SKS1_B,SKS2_B,IPK_SM
424,P,MTK,G2,SMTA,PDG,GRD,IPS1_KM,IPS2_KM,SKS1_B,SKS2_B,IPK_KM
425,P,MTK,G3,SRJN,GRD,GRD,IPS1_KM,IPS2_KM,SKS1_B,SKS2_B,IPK_M
426,P,MTK,G3,SMTA,LL,ABRI,IPS1_KM,IPS2_KM,SKS1_B,SKS2_B,IPK_M
427,P,MTK,G4,SRJN,GRD,PSN,IPS1_KM,IPS2_KM,SKS1_B,SKS2_B,IPK_M
428,P,MTK,G3,SMTA,LL,PNS,IPS1_KM,IPS2_KM,SKS1_B,SKS2_B,IPK_M
429,P,MTK,G2,SRJN,GRD,LL,IPS1_KM,IPS2_KM,SKS1_B,SKS2_B,IPK_M
430,P,MTK,G3,SRJN,PNS,PSN,IPS1_KM,IPS2_KM,SKS1_B,SKS2_B,IPK_KM
431,P,MTK,G4,SRJN,LL,PS,IPS1_KM,IPS2_KM,SKS1_B,SKS2_B,IPK_M
432,P,MTK,G3,SRJN,GRD,LL,IPS1_M,IPS2_KM,SKS1_B,SKS2_B,IPK_SM
433,L,MTK,G2,SD,BPN,BPN,IPS1_KM,IPS2_KM,SKS1_B,SKS2_B,IPK_M
434,L,MTK,G5,LL,PDG,PDG,IPS1_KM,IPS2_KM,SKS1_B,SKS2_B,IPK_KM
435,P,MTK,G5,SMTA,PDG,PDG,IPS1_SM,IPS2_KM,SKS1_B,SKS2_B,IPK_SM
436,P,MTK,G3,SMTA,PS,BPN,IPS1_SM,IPS2_M,SKS1_B,SKS2_B,IPK_SM
437,P,MTK,G4,SRJN,PNS,PSN,IPS1_SM,IPS2_SM,SKS1_B,SKS2_B,IPK_CUM
438,L,MTK,G3,SRJN,GRD,PNS,IPS1_KM,IPS2_KM,SKS1_B,SKS2_B,IPK_KM
439,P,MTK,G4,SMTA,PS,GRD,IPS1_M,IPS2_KM,SKS1_B,SKS2_B,IPK_SM
440,P,MTK,G5,SMTA,LL,BPN,IPS1_SM,IPS2_M,SKS1_B,SKS2_B,IPK_SM
441,L,MTK,G4,SMTA,GRD,GRD,IPS1_SM,IPS2_KM,SKS1_B,SKS2_B,IPK_SM
442,P,MTK,G4,SMTA,PNS,PDG,IPS1_M,IPS2_M,SKS1_B,SKS2_B,IPK_SM
443,P,MTK,G3,SMTA,PDG,PDG,IPS1_SM,IPS2_SM,SKS1_B,SKS2_B,IPK_CUM
444,L,MTK,G4,SD,LL,GRD,IPS1_KM,IPS2_KM,SKS1_B,SKS2_B,IPK_KM
445,P,MTK,G3,SD,LL,PS,IPS1_CUM,IPS2_SM,SKS1_B,SKS2_B,IPK_SM
446,L,MTK,G3,SMTA,PDG,BPN,IPS1_M,IPS2_KM,SKS1_B,SKS2_B,IPK_M
447,P,MTK,G4,SMP,PDG,PDG,IPS1_SM,IPS2_M,SKS1_B,SKS2_B,IPK_SM
448,P,MTK,G5,SRJN,GRD,GRD,IPS1_M,IPS2_KM,SKS1_B,SKS2_B,IPK_M
449,P,MTK,G3,SMTA,PNS,PDG,IPS1_SM,IPS2_M,SKS1_B,SKS2_B,IPK_SM
450,P,MTK,G3,SMTA,LL,BPN,IPS1_SM,IPS2_M,SKS1_B,SKS2_B,IPK_SM
451,P,MTK,G5,SMTA,PDG,PNS,IPS1_KM,IPS2_KM,SKS1_B,SKS2_B,IPK_M
452,L,MTK,G2,SRJN,GRD,PDG,IPS1_KM,IPS2_KM,SKS1_B,SKS2_B,IPK_M
453,P,MTK,G2,SRJN,LL,LL,IPS1_M,IPS2_M,SKS1_B,SKS2_B,IPK_SM
454,P,MTK,G3,SMTA,LL,PSN,IPS1_SM,IPS2_KM,SKS1_B,SKS2_B,IPK_SM
455,P,MTK,G4,SRJN,GRD,GRD,IPS1_CUM,IPS2_SM,SKS1_B,SKS2_B,IPK_SM
456,P,MTK,G4,SMTA,PDG,PDG,IPS1_SM,IPS2_KM,SKS1_B,SKS2_B,IPK_SM
457,P,MTK,G3,SRJN,PDG,PNS,IPS1_M,IPS2_KM,SKS1_B,SKS2_B,IPK_M
458,P,MTK,G2,SMTA,PDG,PDG,IPS1_SM,IPS2_KM,SKS1_B,SKS2_B,IPK_M
459,P,MTK,G4,SMTA,PNS,GRD,IPS1_M,IPS2_KM,SKS1_B,SKS2_B,IPK_M
460,P,MTK,G2,SMTA,LL,PSN,IPS1_M,IPS2_SM,SKS1_B,SKS2_B,IPK_M
461,P,MTK,G4,SRJN,GRD,GRD,IPS1_SM,IPS2_M,SKS1_B,SKS2_B,IPK_SM
462,L,MTK,G2,SD,PDG,PDG,IPS1_SM,IPS2_SM,SKS1_B,SKS2_B,IPK_SM
463,P,MTK,G3,SMTA,PS,PNS,IPS1_SM,IPS2_M,SKS1_B,SKS2_B,IPK_SM
464,P,MTK,G4,SRJN,GRD,PNS,IPS1_M,IPS2_KM,SKS1_B,SKS2_B,IPK_M
465,P,MTK,G3,SMP,LL,PDG,IPS1_SM,IPS2_SM,SKS1_B,SKS2_B,IPK_SM
466,P,MTK,G3,SMP,PDG,PDG,IPS1_KM,IPS2_KM,SKS1_B,SKS2_B,IPK_M
467,L,MTK,G2,SD,BPN,PDG,IPS1_SM,IPS2_SM,SKS1_B,SKS2_B,IPK_SM
468,P,MTK,G4,SMTA,LL,GRD,IPS1_SM,IPS2_SM,SKS1_B,SKS2_B,IPK_SM
469,P,MTK,G3,SMTA,LL,PS,IPS1_M,IPS2_KM,SKS1_B,SKS2_B,IPK_SM
470,P,MTK,G3,SMTA,PNS,PNS,IPS1_SM,IPS2_KM,SKS1_B,SKS2_B,IPK_SM
471,L,MTK,G3,SMTA,LL,PNS,IPS1_SM,IPS2_KM,SKS1_B,SKS2_B,IPK_SM
472,P,MTK,G2,LL,LL,BPN,IPS1_CUM,IPS2_CUM,SKS1_B,SKS2_B,IPK_CUM
473,P,MTK,G5,SRJN,LL,PS,IPS1_KM,IPS2_KM,SKS1_B,SKS2_B,IPK_SM
474,L,MTK,G3,SMTA,LL,PDG,IPS1_SM,IPS2_KM,SKS1_B,SKS2_B,IPK_M
475,P,MTK,G1,SMP,LL,PDG,IPS1_SM,IPS2_KM,SKS1_B,SKS2_B,IPK_SM
476,P,MTK,G3,SMTA,PDG,PNS,IPS1_KM,IPS2_KM,SKS1_B,SKS2_B,IPK_M
477,P,MTK,G3,SD,LL,PDG,IPS1_KM,IPS2_SM,SKS1_B,SKS2_B,IPK_SM
478,P,MTK,G1,SMTA,PDG,LL,IPS1_M,IPS2_SM,SKS1_B,SKS2_B,IPK_SM
479,L,MTK,G6,SRJN,PS,PNS,IPS1_KM,IPS2_KM,SKS1_B,SKS2_B,IPK_M
480,L,MTK,G3,SMP,BPN,PS,IPS1_KM,IPS2_M,SKS1_B,SKS2_B,IPK_SM
481,P,MTK,G3,SD,PDG,BPN,IPS1_CUM,IPS2_SM,SKS1_B,SKS2_B,IPK_CUM
482,P,MTK,G3,SMP,LL,PNS,IPS1_KM,IPS2_KM,SKS1_B,SKS2_B,IPK_M
483,P,MTK,G3,SMTA,LL,GRD,IPS1_M,IPS2_M,SKS1_B,SKS2_B,IPK_M
484,L,MTK,G4,LL,PS,PDG,IPS1_KM,IPS2_KM,SKS1_B,SKS2_B,IPK_KM
485,P,MTK,G2,SMP,PDG,PDG,IPS1_SM,IPS2_M,SKS1_B,SKS2_B,IPK_SM
486,P,MTK,G2,SMTA,LL,PS,IPS1_SM,IPS2_CUM,SKS1_B,SKS2_B,IPK_SM
487,P,MTK,G3,SMTA,LL,PDG,IPS1_KM,IPS2_M,SKS1_B,SKS2_B,IPK_SM
488,P,MTK,G3,SMP,PDG,PDG,IPS1_SM,IPS2_SM,SKS1_B,SKS2_B,IPK_SM
489,L,MTK,G4,SMTA,LL,PS,IPS1_KM,IPS2_KM,SKS1_B,SKS2_B,IPK_M
490,P,MTK,G1,SD,PDG,PS,IPS1_M,IPS2_M,SKS1_B,SKS2_B,IPK_SM
491,P,MTK,G3,SMTA,PNS,PS,IPS1_KM,IPS2_SM,SKS1_B,SKS2_B,IPK_SM
492,L,MTK,G4,SRJN,PNS,GRD,IPS1_M,IPS2_M,SKS1_B,SKS2_B,IPK_SM
493,L,MTK,G1,SD,BPN,BPN,IPS1_KM,IPS2_KM,SKS1_B,SKS2_B,IPK_M
494,P,MTK,G7,SRJN,PS,PS,IPS1_KM,IPS2_KM,SKS1_B,SKS2_B,IPK_SM
495,P,MTK,G3,SMTA,PDG,PDG,IPS1_KM,IPS2_M,SKS1_B,SKS2_B,IPK_M
496,L,MTK,G4,SMTA,PS,PS,IPS1_M,IPS2_M,SKS1_B,SKS2_B,IPK_SM
497,P,MTK,G2,SMTA,LL,PDG,IPS1_KM,IPS2_M,SKS1_B,SKS2_B,IPK_M
498,P,MTK,G4,SRJN,PDG,PNS,IPS1_KM,IPS2_SM,SKS1_B,SKS2_B,IPK_M
499,P,MTK,G3,SMP,PDG,PDG,IPS1_SM,IPS2_SM,SKS1_B,SKS2_B,IPK_SM
500,P,MTK,G3,SMTA,LL,PSN,IPS1_SM,IPS2_SM,SKS1_B,SKS2_B,IPK_CUM
501,P,MTK,G5,SMTA,PDG,PDG,IPS1_KM,IPS2_M,SKS1_B,SKS2_B,IPK_SM
502,P,MTK,G6,SMTA,LL,LL,IPS1_M,IPS2_M,SKS1_B,SKS2_B,IPK_SM
503,P,MTK,G4,SMTA,LL,ABRI,IPS1_SM,IPS2_SM,SKS1_B,SKS2_B,IPK_SM
504,P,MTK,G3,SD,PDG,BPN,IPS1_SM,IPS2_SM,SKS1_B,SKS2_B,IPK_SM
505,P,MTK,G3,SMP,LL,BPN,IPS1_M,IPS2_M,SKS1_B,SKS2_B,IPK_M
506,P,MTK,G4,SMTA,LL,ABRI,IPS1_KM,IPS2_M,SKS1_B,SKS2_B,IPK_SM
507,L,MTK,G3,SMP,LL,PDG,IPS1_SM,IPS2_M,SKS1_B,SKS2_B,IPK_SM
508,P,MTK,G4,SRJN,GRD,GRD,IPS1_KM,IPS2_KM,SKS1_B,SKS2_B,IPK_SM
509,P,MTK,G3,SMTA,PDG,LL,IPS1_M,IPS2_SM,SKS1_B,SKS2_B,IPK_SM
510,P,MTK,G4,SRJN,GRD,PNS,IPS1_M,IPS2_M,SKS1_B,SKS2_B,IPK_SM
511,P,MTK,G4,SMTA,LL,PDG,IPS1_SM,IPS2_SM,SKS1_B,SKS2_B,IPK_SM
512,P,MTK,G2,SD,BPN,BPN,IPS1_KM,IPS2_M,SKS1_B,SKS2_B,IPK_SM
513,P,MTK,G3,LL,LL,PDG,IPS1_M,IPS2_SM,SKS1_B,SKS2_B,IPK_SM
514,P,MTK,G4,SRJN,PNS,GRD,IPS1_M,IPS2_SM,SKS1_B,SKS2_B,IPK_SM
515,P,MTK,G1,SMP,LL,PDG,IPS1_CUM,IPS2_CUM,SKS1_B,SKS2_B,IPK_CUM
516,L,MTK,G3,SRJN,LL,PSN,IPS1_KM,IPS2_KM,SKS1_B,SKS2_B,IPK_M
517,P,MTK,G3,SMTA,PDG,PDG,IPS1_CUM,IPS2_SM,SKS1_B,SKS2_B,IPK_CUM
518,L,MTK,G3,SRJN,PDG,PNS,IPS1_KM,IPS2_KM,SKS1_B,SKS2_B,IPK_SM
519,P,MTK,G1,LL,LL,LL,IPS1_M,IPS2_M,SKS1_B,SKS2_B,IPK_SM
520,P,MTK,G3,SMTA,PNS,PDG,IPS1_M,IPS2_SM,SKS1_B,SKS2_B,IPK_SM
521,L,MTK,G3,SMTA,LL,PS,IPS1_KM,IPS2_KM,SKS1_B,SKS2_B,IPK_SM
522,P,MTK,G2,LL,BPN,BPN,IPS1_SM,IPS2_M,SKS1_B,SKS2_B,IPK_SM
523,P,MTK,G1,LL,BPN,BPN,IPS1_KM,IPS2_M,SKS1_B,SKS2_B,IPK_SM
524,L,MTK,G2,LL,LL,PDG,IPS1_KM,IPS2_KM,SKS1_B,SKS2_B,IPK_M
525,P,MTK,G4,SMP,PDG,PDG,IPS1_M,IPS2_SM,SKS1_B,SKS2_B,IPK_SM
526,P,MTK,G2,SD,PDG,PDG,IPS1_SM,IPS2_M,SKS1_B,SKS2_B,IPK_SM
527,P,MTK,G3,SMTA,LL,PSN,IPS1_CUM,IPS2_CUM,SKS1_B,SKS2_B,IPK_CUM
528,P,MTK,G3,SMTA,PDG,PDG,IPS1_KM,IPS2_M,SKS1_B,SKS2_B,IPK_SM
529,P,MTK,G4,SRJN,GRD,PDG,IPS1_KM,IPS2_M,SKS1_B,SKS2_B,IPK_M
530,L,MTK,G2,SD,LL,PDG,IPS1_KM,IPS2_KM,SKS1_B,SKS2_B,IPK_M
531,P,MTK,G3,SMTA,LL,PSN,IPS1_M,IPS2_M,SKS1_B,SKS2_B,IPK_SM
532,P,MTK,G5,SRJN,PS,PDG,IPS1_M,IPS2_M,SKS1_B,SKS2_B,IPK_SM
533,P,MTK,G3,SRJN,PDG,PDG,IPS1_M,IPS2_SM,SKS1_B,SKS2_B,IPK_SM
534,P,MTK,G4,SMP,LL,PNS,IPS1_KM,IPS2_KM,SKS1_B,SKS2_B,IPK_M
535,P,MTK,G3,LL,LL,PDG,IPS1_KM,IPS2_SM,SKS1_B,SKS2_B,IPK_SM
536,L,MTK,G2,LL,LL,PDG,IPS1_KM,IPS2_KM,SKS1_B,SKS2_B,IPK_SM
537,P,MTK,G2,SMP,LL,PSN,IPS1_KM,IPS2_KM,SKS1_B,SKS2_B,IPK_M
538,P,MTK,G3,SRJN,PDG,LL,IPS1_KM,IPS2_M,SKS1_B,SKS2_B,IPK_SM
539,P,MTK,G3,SMTA,LL,BPN,IPS1_M,IPS2_SM,SKS1_B,SKS2_SB,IPK_SM
540,P,MTK,G2,SMTA,BPN,BPN,IPS1_KM,IPS2_M,SKS1_B,SKS2_B,IPK_M
541,P,MTK,G4,SRJN,GRD,GRD,IPS1_KM,IPS2_M,SKS1_B,SKS2_B,IPK_KM
542,L,MTK,G3,LL,PDG,PDG,IPS1_KM,IPS2_M,SKS1_B,SKS2_B,IPK_SM
543,P,MTK,G3,SMTA,LL,PS,IPS1_KM,IPS2_KM,SKS1_B,SKS2_B,IPK_M
544,L,MTK,G2,LL,LL,BPN,IPS1_KM,IPS2_KM,SKS1_B,SKS2_B,IPK_SM
545,L,MTK,G2,SMP,LL,LL,IPS1_KM,IPS2_KM,SKS1_B,SKS2_B,IPK_SM
546,P,MTK,G4,LL,LL,GRD,IPS1_KM,IPS2_M,SKS1_B,SKS2_B,IPK_SM
547,P,MTK,G3,SMP,LL,PDG,IPS1_KM,IPS2_KM,SKS1_B,SKS2_B,IPK_M
548,L,MTK,G4,SMTA,PDG,GRD,IPS1_KM,IPS2_KM,SKS1_B,SKS2_B,IPK_SM
549,P,MTK,G4,SRJN,PDG,PNS,IPS1_KM,IPS2_KM,SKS1_B,SKS2_B,IPK_M
550,P,MTK,G4,SRJN,LL,PNS,IPS1_SM,IPS2_SM,SKS1_B,SKS2_SB,IPK_SM
551,P,MTK,G6,SMTA,LL,PNS,IPS1_KM,IPS2_KM,SKS1_B,SKS2_B,IPK_M
552,P,MTK,G7,SRJN,GRD,LL,IPS1_M,IPS2_KM,SKS1_B,SKS2_B,IPK_M
553,P,MTK,G2,SMTA,PSN,PSN,IPS1_KM,IPS2_SM,SKS1_B,SKS2_B,IPK_SM
554,P,MTK,G2,SMP,LL,LL,IPS1_M,IPS2_SM,SKS1_B,SKS2_B,IPK_SM
555,P,MTK,G4,SMTA,LL,GRD,IPS1_CUM,IPS2_SM,SKS1_B,SKS2_B,IPK_CUM
556,P,MTK,G2,LL,LL,LL,IPS1_M,IPS2_SM,SKS1_B,SKS2_B,IPK_SM
557,L,MTK,G4,SRJN,GRD,GRD,IPS1_M,IPS2_SM,SKS1_B,SKS2_B,IPK_SM
558,P,MTK,G2,LL,PDG,LL,IPS1_M,IPS2_SM,SKS1_B,SKS2_B,IPK_SM
559,P,MTK,G4,SMTA,LL,PNS,IPS1_KM,IPS2_SM,SKS1_B,SKS2_B,IPK_SM
560,P,MTK,G2,SMTA,BPN,BPN,IPS1_KM,IPS2_KM,SKS1_B,SKS2_B,IPK_SM
561,P,MTK,G2,SD,PDG,PDG,IPS1_KM,IPS2_M,SKS1_B,SKS2_B,IPK_SM
562,P,MTK,G2,SD,LL,PDG,IPS1_M,IPS2_SM,SKS1_B,SKS2_B,IPK_SM
563,P,MTK,G4,SMTA,LL,PNS,IPS1_KM,IPS2_KM,SKS1_B,SKS2_B,IPK_M
564,P,MTK,G3,SMTA,LL,PS,IPS1_KM,IPS2_KM,SKS1_B,SKS2_B,IPK_SM
565,P,MTK,G3,SMTA,LL,LL,IPS1_KM,IPS2_KM,SKS1_B,SKS2_B,IPK_M
566,P,MTK,G2,SMP,LL,BPN,IPS1_KM,IPS2_KM,SKS1_B,SKS2_B,IPK_M
567,P,MTK,G4,SMTA,PNS,PSN,IPS1_M,IPS2_SM,SKS1_B,SKS2_B,IPK_SM
568,P,MTK,G4,SRJN,PSN,GRD,IPS1_KM,IPS2_M,SKS1_B,SKS2_B,IPK_SM
569,P,MTK,G3,SRJN,GRD,GRD,IPS1_M,IPS2_KM,SKS1_B,SKS2_B,IPK_SM
570,P,MTK,G2,SMTA,BPN,BPN,IPS1_M,IPS2_KM,SKS1_B,SKS2_B,IPK_M
571,L,MTK,G4,SMP,LL,PDG,IPS1_M,IPS2_M,SKS1_B,SKS2_B,IPK_SM
572,L,MTK,G5,SRJN,PNS,GRD,IPS1_M,IPS2_KM,SKS1_B,SKS2_B,IPK_SM
573,L,MTK,G2,SD,PS,PS,IPS1_KM,IPS2_SM,SKS1_B,SKS2_B,IPK_M
574,P,MTK,G4,SMTA,PS,PS,IPS1_KM,IPS2_KM,SKS1_B,SKS2_B,IPK_SM
575,P,MTK,G6,SMTA,PDG,PDG,IPS1_CUM,IPS2_SM,SKS1_B,SKS2_SB,IPK_SM
576,P,MTK,G5,SMTA,PNS,GRD,IPS1_M,IPS2_KM,SKS1_B,SKS2_B,IPK_SM
577,P,MTK,G3,SRJN,PDG,GRD,IPS1_KM,IPS2_SM,SKS1_B,SKS2_B,IPK_SM
578,P,MTK,G4,SMTA,PDG,PDG,IPS1_KM,IPS2_KM,SKS1_B,SKS2_B,IPK_SM
579,P,MTK,G2,SMP,PDG,PDG,IPS1_CUM,IPS2_SM,SKS1_B,SKS2_B,IPK_SM
580,P,MTK,G2,LL,LL,PDG,IPS1_M,IPS2_SM,SKS1_B,SKS2_B,IPK_SM
581,P,MTK,G3,SMTA,PS,PS,IPS1_SM,IPS2_SM,SKS1_B,SKS2_B,IPK_CUM
582,P,MTK,G4,SMTA,LL,PNS,IPS1_CUM,IPS2_CUM,SKS1_B,SKS2_B,IPK_CUM
583,P,MTK,G5,SRJN,GRD,GRD,IPS1_SM,IPS2_M,SKS1_B,SKS2_B,IPK_SM
584,P,MTK,G7,SRJN,LL,PS,IPS1_M,IPS2_M,SKS1_B,SKS2_B,IPK_SM
585,P,MTK,G3,SMP,LL,PS,IPS1_SM,IPS2_KM,SKS1_B,SKS2_B,IPK_SM
586,P,MTK,G3,SMTA,LL,PDG,IPS1_SM,IPS2_CUM,SKS1_B,SKS2_B,IPK_CUM
587,P,MTK,G2,SD,LL,PDG,IPS1_SM,IPS2_CUM,SKS1_B,SKS2_B,IPK_CUM
588,P,MTK,G2,SMP,LL,PS,IPS1_SM,IPS2_SM,SKS1_B,SKS2_B,IPK_SM
589,P,MTK,G3,SRJN,GRD,ABRI,IPS1_SM,IPS2_KM,SKS1_B,SKS2_B,IPK_SM
590,P,MTK,G2,SMTA,LL,PDG,IPS1_SM,IPS2_M,SKS1_B,SKS2_B,IPK_SM
591,P,MTK,G3,SMTA,BPN,BPN,IPS1_SM,IPS2_SM,SKS1_B,SKS2_B,IPK_SM
592,P,MTK,G2,SD,BPN,BPN,IPS1_M,IPS2_KM,SKS1_B,SKS2_B,IPK_KM
593,P,MTK,G3,SMTA,LL,PS,IPS1_KM,IPS2_SM,SKS1_B,SKS2_B,IPK_SM
594,P,MTK,G4,SRJN,PNS,GRD,IPS1_M,IPS2_KM,SKS1_B,SKS2_B,IPK_SM
595,L,MTK,G3,SMTA,LL,PNS,IPS1_M,IPS2_KM,SKS1_B,SKS2_B,IPK_SM
596,L,MTK,G1,SRJN,LL,LL,IPS1_M,IPS2_KM,SKS1_B,SKS2_B,IPK_SM
597,P,MTK,G2,SMTA,PDG,LL,IPS1_SM,IPS2_SM,SKS1_B,SKS2_B,IPK_SM
598,P,MTK,G4,SMTA,LL,PS,IPS1_SM,IPS2_M,SKS1_B,SKS2_B,IPK_SM
599,P,MTK,G6,SMP,PDG,PS,IPS1_SM,IPS2_M,SKS1_B,SKS2_B,IPK_SM
600,P,MTK,G3,SMP,PDG,PDG,IPS1_KM,IPS2_M,SKS1_B,SKS2_B,IPK_SM
601,P,MTK,G4,SRJN,PNS,PDG,IPS1_M,IPS2_KM,SKS1_B,SKS2_B,IPK_SM
602,P,MTK,G3,SMTA,LL,PS,IPS1_SM,IPS2_SM,SKS1_B,SKS2_B,IPK_SM
603,P,MTK,G2,SMTA,BPN,LL,IPS1_CUM,IPS2_CUM,SKS1_B,SKS2_B,IPK_CUM
604,P,MTK,G4,SMTA,LL,PS,IPS1_SM,IPS2_M,SKS1_B,SKS2_B,IPK_SM
605,L,MTK,G2,LL,LL,BPN,IPS1_SM,IPS2_M,SKS1_B,SKS2_B,IPK_SM
606,P,MTK,G2,SMTA,GRD,BPN,IPS1_SM,IPS2_SM,SKS1_B,SKS2_B,IPK_SM
607,L,MTK,G3,SD,PDG,BPN,IPS1_KM,IPS2_KM,SKS1_B,SKS2_B,IPK_SM
608,P,MTK,G3,SMTA,PDG,LL,IPS1_SM,IPS2_KM,SKS1_B,SKS2_B,IPK_SM
609,P,BIO,G2,SD,LL,BPN,IPS1_M,IPS2_M,SKS1_B,SKS2_B,IPK_SM
610,L,BIO,G3,SMP,LL,GRD,IPS1_KM,IPS2_KM,SKS1_B,SKS2_B,IPK_KM
611,P,BIO,G2,SRJN,GRD,GRD,IPS1_M,IPS2_SM,SKS1_B,SKS2_B,IPK_M
612,P,BIO,G3,SMTA,LL,PNS,IPS1_CUM,IPS2_CUM,SKS1_SB,SKS2_SB,IPK_SM
613,P,BIO,G1,SD,BPN,BPN,IPS1_SM,IPS2_SM,SKS1_B,SKS2_B,IPK_SM
614,P,BIO,G3,SD,LL,PDG,IPS1_SM,IPS2_CUM,SKS1_SB,SKS2_SB,IPK_SM
615,P,BIO,G3,LL,PDG,PDG,IPS1_M,IPS2_SM,SKS1_SB,SKS2_SB,IPK_SM
616,P,BIO,G3,SRJN,GRD,PS,IPS1_SM,IPS2_SM,SKS1_SB,SKS2_SB,IPK_SM
617,P,BIO,G3,SRJN,GRD,PNS,IPS1_M,IPS2_M,SKS1_SB,SKS2_B,IPK_M
618,L,BIO,G2,SMTA,LL,PS,IPS1_M,IPS2_M,SKS1_B,SKS2_SB,IPK_M
619,P,BIO,G2,SD,PDG,GRD,IPS1_KM,IPS2_KM,SKS1_B,SKS2_B,IPK_M
620,P,BIO,G3,SRJN,GRD,GRD,IPS1_M,IPS2_SM,SKS1_SB,SKS2_B,IPK_SM
621,P,BIO,G3,SMP,PDG,PDG,IPS1_M,IPS2_CUM,SKS1_SB,SKS2_B,IPK_SM
622,P,BIO,G2,SMTA,PDG,PDG,IPS1_SM,IPS2_CUM,SKS1_B,SKS2_B,IPK_SM
623,P,BIO,G3,SMTA,LL,BPN,IPS1_SM,IPS2_CUM,SKS1_B,SKS2_SB,IPK_CUM
624,P,BIO,G3,SMP,LL,ABRI,IPS1_SM,IPS2_CUM,SKS1_B,SKS2_SB,IPK_SM
625,L,BIO,G2,SMTA,PDG,PDG,IPS1_SM,IPS2_SM,SKS1_B,SKS2_SB,IPK_SM
626,L,BIO,G2,SD,BPN,BPN,IPS1_KM,IPS2_SM,SKS1_B,SKS2_B,IPK_SM
627,P,BIO,G1,SD,LL,PDG,IPS1_KM,IPS2_M,SKS1_B,SKS2_B,IPK_SM
628,P,BIO,G3,SMTA,PDG,PDG,IPS1_KM,IPS2_KM,SKS1_B,SKS2_B,IPK_SM
629,P,BIO,G3,SMTA,GRD,GRD,IPS1_M,IPS2_SM,SKS1_B,SKS2_B,IPK_SM
630,P,BIO,G3,LL,PS,PS,IPS1_KM,IPS2_SM,SKS1_B,SKS2_B,IPK_SM
631,L,BIO,G4,SRJN,LL,PSN,IPS1_SM,IPS2_CUM,SKS1_B,SKS2_SB,IPK_CUM
632,P,BIO,G1,SD,LL,PS,IPS1_SM,IPS2_SM,SKS1_B,SKS2_B,IPK_SM
633,P,BIO,G2,SD,PDG,BPN,IPS1_SM,IPS2_CUM,SKS1_B,SKS2_SB,IPK_SM
634,P,BIO,G1,SMTA,BPN,PDG,IPS1_SM,IPS2_SM,SKS1_B,SKS2_B,IPK_SM
635,L,BIO,G1,LL,BPN,BPN,IPS1_KM,IPS2_SM,SKS1_B,SKS2_K,IPK_M
636,P,BIO,G2,SMP,LL,LL,IPS1_KM,IPS2_SM,SKS1_B,SKS2_B,IPK_SM
637,P,BIO,G2,SMTA,PDG,GRD,IPS1_M,IPS2_SM,SKS1_B,SKS2_B,IPK_SM
638,P,BIO,G2,SRJN,GRD,PSN,IPS1_SM,IPS2_SM,SKS1_B,SKS2_SB,IPK_SM
639,P,BIO,G3,SMTA,LL,PS,IPS1_SM,IPS2_CUM,SKS1_B,SKS2_SB,IPK_CUM
640,P,BIO,G3,SRJN,GRD,ABRI,IPS1_KM,IPS2_SM,SKS1_B,SKS2_C,IPK_SM
641,L,BIO,G2,SMTA,PDG,PDG,IPS1_KM,IPS2_M,SKS1_B,SKS2_B,IPK_SM
642,P,BIO,G3,SD,PDG,PDG,IPS1_SM,IPS2_CUM,SKS1_B,SKS2_SB,IPK_SM
643,P,BIO,G2,SD,BPN,BPN,IPS1_CUM,IPS2_CUM,SKS1_B,SKS2_SB,IPK_CUM
644,P,BIO,G3,SMTA,LL,PDG,IPS1_M,IPS2_SM,SKS1_B,SKS2_B,IPK_SM
645,L,BIO,G2,SMTA,LL,PS,IPS1_KM,IPS2_KM,SKS1_B,SKS2_SB,IPK_M
646,L,BIO,G3,SRJN,GRD,GRD,IPS1_KM,IPS2_SM,SKS1_B,SKS2_B,IPK_SM
647,L,BIO,G2,SMTA,GRD,GRD,IPS1_KM,IPS2_M,SKS1_B,SKS2_B,IPK_SM
648,P,BIO,G2,SMP,LL,PS,IPS1_SM,IPS2_SM,SKS1_B,SKS2_SB,IPK_SM
649,L,BIO,G1,SRJN,PS,PNS,IPS1_KM,IPS2_KM,SKS1_B,SKS2_B,IPK_M
650,P,BIO,G4,SMTA,LL,LL,IPS1_KM,IPS2_SM,SKS1_B,SKS2_B,IPK_SM
651,P,BIO,G1,SMTA,BPN,LL,IPS1_SM,IPS2_M,SKS1_B,SKS2_B,IPK_SM
652,P,BIO,G1,SRJN,PDG,PDG,IPS1_M,IPS2_KM,SKS1_B,SKS2_B,IPK_M
653,P,BIO,G3,SRJN,GRD,GRD,IPS1_SM,IPS2_M,SKS1_B,SKS2_B,IPK_SM
654,P,BIO,G2,SMP,PDG,PNS,IPS1_KM,IPS2_KM,SKS1_B,SKS2_B,IPK_M
655,P,BIO,G2,SMTA,PNS,PDG,IPS1_SM,IPS2_SM,SKS1_B,SKS2_B,IPK_SM
656,L,BIO,G2,SMTA,PDG,PDG,IPS1_KM,IPS2_KM,SKS1_B,SKS2_B,IPK_KM
657,P,BIO,G1,SMTA,GRD,GRD,IPS1_KM,IPS2_KM,SKS1_B,SKS2_B,IPK_SM
658,P,BIO,G3,SRJN,GRD,PSN,IPS1_SM,IPS2_SM,SKS1_B,SKS2_B,IPK_SM
659,P,BIO,G3,SD,LL,GRD,IPS1_KM,IPS2_KM,SKS1_B,SKS2_B,IPK_M
660,P,BIO,G1,SD,BPN,BPN,IPS1_SM,IPS2_CUM,SKS1_B,SKS2_B,IPK_CUM
661,L,BIO,G4,SMTA,GRD,GRD,IPS1_KM,IPS2_KM,SKS1_B,SKS2_B,IPK_KM
662,L,BIO,G3,SD,LL,PDG,IPS1_KM,IPS2_KM,SKS1_B,SKS2_B,IPK_M
663,P,BIO,G4,SMTA,LL,PNS,IPS1_M,IPS2_M,SKS1_B,SKS2_B,IPK_SM
664,P,BIO,G2,SMP,LL,PSN,IPS1_SM,IPS2_SM,SKS1_B,SKS2_B,IPK_SM
665,P,BIO,G3,SD,PDG,PDG,IPS1_SM,IPS2_CUM,SKS1_B,SKS2_B,IPK_CUM
666,L,BIO,G1,LL,PDG,PDG,IPS1_M,IPS2_KM,SKS1_B,SKS2_B,IPK_SM
667,P,BIO,G3,SRJN,GRD,PDG,IPS1_M,IPS2_KM,SKS1_B,SKS2_B,IPK_M
668,P,BIO,G3,SRJN,GRD,PSN,IPS1_M,IPS2_M,SKS1_B,SKS2_B,IPK_SM
669,P,BIO,G2,SMTA,PDG,PS,IPS1_KM,IPS2_SM,SKS1_B,SKS2_B,IPK_SM
670,P,BIO,G2,SMTA,LL,PDG,IPS1_SM,IPS2_SM,SKS1_B,SKS2_B,IPK_SM
671,L,BIO,G2,SMTA,PDG,PSN,IPS1_KM,IPS2_KM,SKS1_B,SKS2_B,IPK_M
672,P,BIO,G3,LL,LL,PDG,IPS1_KM,IPS2_KM,SKS1_B,SKS2_B,IPK_M
673,P,BIO,G2,SD,LL,PDG,IPS1_KM,IPS2_KM,SKS1_B,SKS2_B,IPK_M
674,P,BIO,G3,SRJN,PNS,LL,IPS1_KM,IPS2_KM,SKS1_B,SKS2_B,IPK_M
675,P,BIO,G2,SMP,LL,PDG,IPS1_M,IPS2_M,SKS1_B,SKS2_B,IPK_SM
676,L,BIO,G3,SRJN,LL,PDG,IPS1_SM,IPS2_KM,SKS1_B,SKS2_B,IPK_M
677,P,BIO,G2,SRJN,GRD,GRD,IPS1_KM,IPS2_KM,SKS1_B,SKS2_B,IPK_M
678,P,BIO,G2,SRJN,PS,PS,IPS1_KM,IPS2_KM,SKS1_B,SKS2_B,IPK_SM
679,P,BIO,G3,SRJN,GRD,GRD,IPS1_KM,IPS2_M,SKS1_B,SKS2_B,IPK_SM
680,P,BIO,G3,SMTA,PDG,PDG,IPS1_SM,IPS2_CUM,SKS1_B,SKS2_B,IPK_CUM
681,L,BIO,G3,SMTA,PDG,PNS,IPS1_KM,IPS2_KM,SKS1_B,SKS2_B,IPK_SM
682,P,BIO,G2,SD,LL,GRD,IPS1_SM,IPS2_M,SKS1_B,SKS2_B,IPK_SM
683,P,BIO,G3,SD,PDG,PDG,IPS1_M,IPS2_M,SKS1_B,SKS2_B,IPK_SM
684,P,BIO,G3,SRJN,GRD,PNS,IPS1_KM,IPS2_M,SKS1_B,SKS2_B,IPK_SM
685,P,BIO,G2,SMP,LL,PDG,IPS1_SM,IPS2_SM,SKS1_B,SKS2_B,IPK_CUM
686,P,BIO,G3,SMP,PDG,PDG,IPS1_M,IPS2_SM,SKS1_B,SKS2_B,IPK_CUM
687,P,BIO,G2,SD,BPN,BPN,IPS1_SM,IPS2_M,SKS1_B,SKS2_B,IPK_SM
688,P,BIO,G1,SD,PDG,PDG,IPS1_KM,IPS2_KM,SKS1_B,SKS2_B,IPK_SM
689,P,BIO,G3,SRJN,GRD,GRD,IPS1_KM,IPS2_KM,SKS1_B,SKS2_B,IPK_SM
690,P,BIO,G2,SMP,BPN,BPN,IPS1_SM,IPS2_SM,SKS1_B,SKS2_B,IPK_SM
691,P,BIO,G3,SRJN,GRD,GRD,IPS1_M,IPS2_SM,SKS1_B,SKS2_B,IPK_SM
692,P,BIO,G1,SD,LL,PNS,IPS1_KM,IPS2_M,SKS1_B,SKS2_B,IPK_SM
693,P,BIO,G2,SMP,PS,PNS,IPS1_SM,IPS2_SM,SKS1_B,SKS2_B,IPK_SM
694,P,BIO,G3,SRJN,GRD,LL,IPS1_KM,IPS2_KM,SKS1_B,SKS2_B,IPK_M
695,P,BIO,G3,SRJN,PS,PS,IPS1_KM,IPS2_M,SKS1_B,SKS2_B,IPK_SM
696,L,BIO,G3,SRJN,GRD,PNS,IPS1_KM,IPS2_KM,SKS1_B,SKS2_B,IPK_KM
697,P,BIO,G4,SRJN,PNS,PNS,IPS1_KM,IPS2_KM,SKS1_B,SKS2_B,IPK_SM
698,P,BIO,G4,SD,PDG,PNS,IPS1_KM,IPS2_M,SKS1_B,SKS2_B,IPK_SM
699,L,BIO,G4,SRJN,GRD,BPN,IPS1_KM,IPS2_KM,SKS1_B,SKS2_B,IPK_SM
700,P,BIO,G1,SD,PDG,PDG,IPS1_M,IPS2_M,SKS1_B,SKS2_B,IPK_SM
701,P,BIO,G3,SMTA,LL,PS,IPS1_KM,IPS2_M,SKS1_B,SKS2_B,IPK_SM
702,P,BIO,G2,SMP,BPN,PSN,IPS1_KM,IPS2_SM,SKS1_B,SKS2_B,IPK_SM
703,L,BIO,G3,SRJN,GRD,PDG,IPS1_KM,IPS2_M,SKS1_B,SKS2_B,IPK_SM
704,P,BIO,G3,SMTA,LL,PNS,IPS1_KM,IPS2_KM,SKS1_B,SKS2_B,IPK_SM
705,L,BIO,G3,SMTA,PNS,PNS,IPS1_KM,IPS2_KM,SKS1_B,SKS2_C,IPK_M
706,P,BIO,G1,SD,LL,LL,IPS1_KM,IPS2_SM,SKS1_B,SKS2_B,IPK_CUM
707,P,BIO,G3,SMTA,PNS,GRD,IPS1_SM,IPS2_SM,SKS1_B,SKS2_B,IPK_SM
708,P,BIO,G3,SD,BPN,PNS,IPS1_KM,IPS2_KM,SKS1_B,SKS2_B,IPK_M
709,P,BIO,G2,SMTA,PDG,PS,IPS1_KM,IPS2_KM,SKS1_B,SKS2_B,IPK_SM
710,L,BIO,G2,SRJN,LL,PSN,IPS1_M,IPS2_SM,SKS1_B,SKS2_B,IPK_CUM
711,P,BIO,G2,SD,PDG,PDG,IPS1_KM,IPS2_KM,SKS1_B,SKS2_C,IPK_M
712,P,BIO,G2,SMTA,PS,PDG,IPS1_KM,IPS2_SM,SKS1_B,SKS2_B,IPK_SM
713,P,BIO,G3,SMTA,LL,PNS,IPS1_KM,IPS2_SM,SKS1_B,SKS2_B,IPK_SM
714,P,BIO,G3,SRJN,GRD,GRD,IPS1_KM,IPS2_KM,SKS1_B,SKS2_B,IPK_SM
715,P,BIO,G3,SMTA,LL,PDG,IPS1_KM,IPS2_KM,SKS1_B,SKS2_B,IPK_M
716,P,BIO,G4,SRJN,GRD,PNS,IPS1_KM,IPS2_KM,SKS1_B,SKS2_B,IPK_SM
717,P,BIO,G2,SD,LL,PS,IPS1_KM,IPS2_KM,SKS1_B,SKS2_B,IPK_M
718,P,BIO,G2,SMP,LL,PDG,IPS1_KM,IPS2_KM,SKS1_B,SKS2_B,IPK_M
719,P,BIO,G2,SMTA,PDG,PDG,IPS1_KM,IPS2_M,SKS1_B,SKS2_B,IPK_SM
720,P,BIO,G3,SMTA,PDG,PNS,IPS1_KM,IPS2_KM,SKS1_B,SKS2_B,IPK_SM
721,P,BIO,G3,SMTA,LL,GRD,IPS1_KM,IPS2_SM,SKS1_B,SKS2_B,IPK_SM
722,P,BIO,G3,SMP,LL,PNS,IPS1_M,IPS2_M,SKS1_B,SKS2_B,IPK_SM
723,P,BIO,G3,SMTA,GRD,GRD,IPS1_SM,IPS2_M,SKS1_B,SKS2_B,IPK_SM
724,L,BIO,G2,SD,BPN,BPN,IPS1_KM,IPS2_M,SKS1_B,SKS2_B,IPK_SM
725,P,BIO,G3,SMTA,LL,GRD,IPS1_M,IPS2_M,SKS1_B,SKS2_B,IPK_SM
726,P,BIO,G2,LL,BPN,BPN,IPS1_KM,IPS2_KM,SKS1_B,SKS2_B,IPK_KM
727,P,BIO,G3,SD,BPN,PSN,IPS1_M,IPS2_M,SKS1_B,SKS2_B,IPK_SM
728,P,BIO,G2,SRJN,LL,GRD,IPS1_M,IPS2_CUM,SKS1_B,SKS2_B,IPK_CUM
729,P,BIO,G1,SRJN,GRD,BPN,IPS1_KM,IPS2_M,SKS1_B,SKS2_B,IPK_SM
730,L,BIO,G4,SRJN,GRD,PS,IPS1_KM,IPS2_KM,SKS1_B,SKS2_C,IPK_SM
731,P,BIO,G2,SD,PDG,PDG,IPS1_SM,IPS2_CUM,SKS1_B,SKS2_B,IPK_CUM
732,P,BIO,G2,LL,PDG,PDG,IPS1_KM,IPS2_KM,SKS1_B,SKS2_B,IPK_SM
733,P,BIO,G3,SRJN,GRD,GRD,IPS1_M,IPS2_KM,SKS1_C,SKS2_B,IPK_SM
734,P,BIO,G3,SRJN,GRD,LL,IPS1_KM,IPS2_KM,SKS1_B,SKS2_B,IPK_SM
735,P,BIO,G2,SMTA,LL,LL,IPS1_SM,IPS2_CUM,SKS1_B,SKS2_B,IPK_CUM
736,P,BIO,G3,SRJN,GRD,PS,IPS1_SM,IPS2_SM,SKS1_B,SKS2_B,IPK_CUM
737,P,BIO,G4,SRJN,GRD,ABRI,IPS1_SM,IPS2_M,SKS1_B,SKS2_B,IPK_CUM
738,P,BIO,G3,SRJN,PNS,LL,IPS1_M,IPS2_SM,SKS1_B,SKS2_B,IPK_CUM
739,P,BIO,G3,SRJN,GRD,GRD,IPS1_KM,IPS2_KM,SKS1_B,SKS2_B,IPK_SM
740,P,BIO,G2,SD,LL,PDG,IPS1_M,IPS2_SM,SKS1_B,SKS2_B,IPK_SM
741,L,BIO,G4,SMP,PDG,PDG,IPS1_KM,IPS2_KM,SKS1_B,SKS2_B,IPK_SM
742,P,BIO,G3,SRJN,GRD,PDG,IPS1_KM,IPS2_KM,SKS1_B,SKS2_B,IPK_SM
743,P,BIO,G2,SRJN,PDG,PNS,IPS1_SM,IPS2_KM,SKS1_B,SKS2_SB,IPK_CUM
744,P,BIO,G3,SD,PDG,PDG,IPS1_KM,IPS2_KM,SKS1_B,SKS2_B,IPK_SM
745,P,BIO,G3,SMTA,LL,GRD,IPS1_KM,IPS2_KM,SKS1_B,SKS2_B,IPK_M
746,L,BIO,G3,SMTA,PNS,PNS,IPS1_M,IPS2_KM,SKS1_B,SKS2_B,IPK_SM
747,P,BIO,G3,SD,PDG,PDG,IPS1_KM,IPS2_KM,SKS1_B,SKS2_B,IPK_SM
748,P,BIO,G1,SMTA,PDG,PDG,IPS1_KM,IPS2_KM,SKS1_B,SKS2_B,IPK_SM
749,P,BIO,G2,SD,LL,PDG,IPS1_M,IPS2_KM,SKS1_B,SKS2_B,IPK_SM
750,P,BIO,G4,LL,BPN,BPN,IPS1_KM,IPS2_M,SKS1_B,SKS2_B,IPK_SM
751,P,BIO,G2,SMTA,PDG,PDG,IPS1_M,IPS2_SM,SKS1_B,SKS2_B,IPK_CUM
752,P,BIO,G1,SD,PDG,PDG,IPS1_KM,IPS2_KM,SKS1_B,SKS2_B,IPK_SM
753,P,BIO,G4,SRJN,GRD,GRD,IPS1_M,IPS2_SM,SKS1_B,SKS2_B,IPK_SM
754,P,BIO,G4,SMTA,GRD,PDG,IPS1_KM,IPS2_KM,SKS1_B,SKS2_B,IPK_SM
755,P,BIO,G6,SRJN,PNS,PNS,IPS1_KM,IPS2_KM,SKS1_B,SKS2_B,IPK_M
756,L,BIO,G1,SD,BPN,BPN,IPS1_KM,IPS2_KM,SKS1_B,SKS2_B,IPK_SM
757,P,BIO,G4,SD,LL,PS,IPS1_KM,IPS2_KM,SKS1_B,SKS2_B,IPK_SM
758,P,BIO,G4,SRJN,GRD,GRD,IPS1_M,IPS2_KM,SKS1_B,SKS2_B,IPK_SM
759,P,BIO,G3,SMP,PDG,PDG,IPS1_M,IPS2_SM,SKS1_B,SKS2_B,IPK_CUM
760,P,BIO,G2,SMTA,PS,BPN,IPS1_SM,IPS2_SM,SKS1_B,SKS2_SB,IPK_SM
761,P,BIO,G2,SRJN,GRD,PDG,IPS1_KM,IPS2_SM,SKS1_B,SKS2_B,IPK_CUM
762,P,BIO,G3,LL,PDG,PDG,IPS1_KM,IPS2_KM,SKS1_B,SKS2_B,IPK_SM
763,P,BIO,G1,LL,BPN,BPN,IPS1_KM,IPS2_KM,SKS1_B,SKS2_B,IPK_SM
764,P,BIO,G2,SMP,BPN,LL,IPS1_KM,IPS2_SM,SKS1_B,SKS2_B,IPK_SM
765,P,BIO,G2,SMTA,PDG,GRD,IPS1_KM,IPS2_KM,SKS1_B,SKS2_B,IPK_SM
766,P,BIO,G3,SRJN,GRD,GRD,IPS1_KM,IPS2_KM,SKS1_B,SKS2_B,IPK_M
767,P,BIO,G2,SMTA,LL,PDG,IPS1_M,IPS2_M,SKS1_B,SKS2_B,IPK_M
768,P,BIO,G4,SRJN,LL,PS,IPS1_M,IPS2_SM,SKS1_B,SKS2_B,IPK_CUM
769,P,BIO,G2,SMTA,GRD,BPN,IPS1_KM,IPS2_M,SKS1_B,SKS2_B,IPK_SM
770,P,BIO,G2,LL,LL,BPN,IPS1_KM,IPS2_KM,SKS1_B,SKS2_B,IPK_SM
771,P,BIO,G4,SMTA,LL,PNS,IPS1_KM,IPS2_KM,SKS1_B,SKS2_B,IPK_M
772,P,BIO,G4,SMTA,PNS,PDG,IPS1_KM,IPS2_KM,SKS1_B,SKS2_B,IPK_M
773,L,BIO,G4,SRJN,PSN,PNS,IPS1_KM,IPS2_KM,SKS1_B,SKS2_B,IPK_M
774,P,BIO,G3,SMP,PDG,GRD,IPS1_M,IPS2_KM,SKS1_B,SKS2_B,IPK_SM
775,P,BIO,G3,LL,BPN,BPN,IPS1_KM,IPS2_KM,SKS1_B,SKS2_B,IPK_M
776,L,BIO,G4,SMTA,LL,PDG,IPS1_KM,IPS2_KM,SKS1_B,SKS2_B,IPK_SM
777,L,BIO,G4,SD,LL,PDG,IPS1_KM,IPS2_KM,SKS1_B,SKS2_B,IPK_KM
778,P,BIO,G2,SMP,LL,PS,IPS1_M,IPS2_SM,SKS1_B,SKS2_B,IPK_SM
779,P,BIO,G2,LL,BPN,LL,IPS1_KM,IPS2_KM,SKS1_B,SKS2_B,IPK_M
780,L,BIO,G1,SMTA,PS,BPN,IPS1_KM,IPS2_SM,SKS1_B,SKS2_B,IPK_SM
781,P,BIO,G2,SD,PDG,PDG,IPS1_KM,IPS2_KM,SKS1_B,SKS2_B,IPK_SM
782,P,BIO,G4,SRJN,PS,PS,IPS1_M,IPS2_KM,SKS1_B,SKS2_B,IPK_SM
783,P,BIO,G4,SMTA,LL,GRD,IPS1_SM,IPS2_SM,SKS1_B,SKS2_B,IPK_SM
784,L,BIO,G3,SMP,PDG,PDG,IPS1_SM,IPS2_SM,SKS1_B,SKS2_B,IPK_CUM
785,P,BIO,G1,LL,BPN,BPN,IPS1_M,IPS2_SM,SKS1_B,SKS2_B,IPK_SM
786,P,BIO,G2,SMTA,PDG,PDG,IPS1_M,IPS2_SM,SKS1_B,SKS2_SB,IPK_SM
787,P,BIO,G3,SRJN,GRD,PS,IPS1_M,IPS2_SM,SKS1_B,SKS2_B,IPK_SM
788,L,BIO,G3,SRJN,GRD,GRD,IPS1_KM,IPS2_M,SKS1_B,SKS2_B,IPK_SM
789,P,BIO,G5,SMTA,PDG,PNS,IPS1_KM,IPS2_KM,SKS1_B,SKS2_B,IPK_M
790,P,BIO,G3,SMTA,PDG,PDG,IPS1_KM,IPS2_KM,SKS1_B,SKS2_B,IPK_SM
791,P,BIO,G4,SMTA,LL,PDG,IPS1_SM,IPS2_SM,SKS1_B,SKS2_B,IPK_SM
792,P,BIO,G1,SMP,LL,PDG,IPS1_KM,IPS2_M,SKS1_B,SKS2_B,IPK_M
793,P,BIO,G3,SMTA,PDG,PS,IPS1_M,IPS2_SM,SKS1_B,SKS2_B,IPK_SM
794,L,BIO,G4,SD,PDG,PDG,IPS1_KM,IPS2_M,SKS1_B,SKS2_B,IPK_SM
795,P,BIO,G4,SRJN,GRD,GRD,IPS1_M,IPS2_SM,SKS1_B,SKS2_B,IPK_CUM
796,P,BIO,G2,SMP,PDG,PDG,IPS1_SM,IPS2_SM,SKS1_B,SKS2_SB,IPK_CUM
797,P,BIO,G4,SMTA,PDG,PNS,IPS1_M,IPS2_SM,SKS1_B,SKS2_B,IPK_SM
798,P,BIO,G5,SRJN,PDG,PNS,IPS1_KM,IPS2_M,SKS1_B,SKS2_B,IPK_SM
799,P,BIO,G4,SMTA,PDG,ABRI,IPS1_M,IPS2_SM,SKS1_B,SKS2_B,IPK_SM
800,P,BIO,G3,SMTA,PDG,GRD,IPS1_CUM,IPS2_CUM,SKS1_B,SKS2_SB,IPK_CUM
801,P,BIO,G3,SMTA,PDG,PNS,IPS1_KM,IPS2_M,SKS1_B,SKS2_B,IPK_SM
802,P,BIO,G4,SRJN,GRD,PNS,IPS1_KM,IPS2_M,SKS1_B,SKS2_B,IPK_SM
803,P,BIO,G4,SMP,LL,PS,IPS1_KM,IPS2_SM,SKS1_B,SKS2_B,IPK_SM
804,P,BIO,G4,SMTA,LL,GRD,IPS1_SM,IPS2_SM,SKS1_B,SKS2_SB,IPK_CUM
805,P,BIO,G3,SRJN,GRD,GRD,IPS1_M,IPS2_M,SKS1_B,SKS2_B,IPK_M
806,P,BIO,G4,SRJN,LL,PDG,IPS1_M,IPS2_SM,SKS1_B,SKS2_SB,IPK_SM
807,L,BIO,G2,LL,PS,PS,IPS1_KM,IPS2_KM,SKS1_B,SKS2_B,IPK_SM
808,P,BIO,G2,SD,LL,LL,IPS1_M,IPS2_SM,SKS1_B,SKS2_B,IPK_M
809,L,BIO,G3,SRJN,LL,GRD,IPS1_SM,IPS2_SM,SKS1_B,SKS2_B,IPK_SM
810,P,BIO,G4,SRJN,PDG,PNS,IPS1_M,IPS2_SM,SKS1_B,SKS2_B,IPK_SM
811,P,BIO,G3,SMTA,PS,PSN,IPS1_KM,IPS2_KM,SKS1_B,SKS2_B,IPK_SM
812,L,BIO,G3,SD,PDG,BPN,IPS1_M,IPS2_SM,SKS1_B,SKS2_B,IPK_SM
813,P,BIO,G2,SMTA,PDG,PS,IPS1_KM,IPS2_KM,SKS1_B,SKS2_B,IPK_KM
814,P,BIO,G3,SMTA,PDG,PDG,IPS1_M,IPS2_M,SKS1_B,SKS2_B,IPK_SM
815,P,BIO,G2,SMTA,BPN,BPN,IPS1_SM,IPS2_SM,SKS1_B,SKS2_SB,IPK_CUM
816,P,BIO,G2,SMP,PDG,PDG,IPS1_M,IPS2_M,SKS1_B,SKS2_B,IPK_CUM
817,P,BIO,G2,SMTA,LL,PS,IPS1_M,IPS2_SM,SKS1_B,SKS2_B,IPK_CUM
818,L,BIO,G2,SMP,PDG,BPN,IPS1_KM,IPS2_M,SKS1_B,SKS2_B,IPK_M
819,P,BIO,G5,SRJN,GRD,PSN,IPS1_KM,IPS2_SM,SKS1_B,SKS2_B,IPK_SM
820,P,BIO,G5,SRJN,GRD,PS,IPS1_CUM,IPS2_CUM,SKS1_B,SKS2_SB,IPK_SM
821,L,BIO,G3,SMTA,BPN,GRD,IPS1_KM,IPS2_KM,SKS1_B,SKS2_B,IPK_SM
822,P,BIO,G4,SMTA,PDG,GRD,IPS1_KM,IPS2_KM,SKS1_B,SKS2_B,IPK_KM
823,P,BIO,G3,SRJN,GRD,PNS,IPS1_KM,IPS2_M,SKS1_B,SKS2_B,IPK_M
824,P,BIO,G2,SD,LL,PDG,IPS1_KM,IPS2_SM,SKS1_B,SKS2_B,IPK_SM
825,P,BIO,G6,SMP,PDG,PDG,IPS1_KM,IPS2_KM,SKS1_B,SKS2_B,IPK_M
826,L,BIO,G4,SMTA,LL,PNS,IPS1_M,IPS2_M,SKS1_B,SKS2_B,IPK_M
827,P,BIO,G4,SMTA,LL,LL,IPS1_KM,IPS2_M,SKS1_B,SKS2_B,IPK_M
828,P,BIO,G4,SMP,LL,PDG,IPS1_M,IPS2_M,SKS1_B,SKS2_B,IPK_SM
829,P,BIO,G1,LL,LL,BPN,IPS1_CUM,IPS2_CUM,SKS1_B,SKS2_B,IPK_CUM
830,L,BIO,G1,SMTA,BPN,BPN,IPS1_M,IPS2_M,SKS1_B,SKS2_B,IPK_M
831,P,BIO,G2,SMP,PDG,PDG,IPS1_SM,IPS2_M,SKS1_B,SKS2_B,IPK_SM
832,P,BIO,G4,SRJN,GRD,GRD,IPS1_M,IPS2_SM,SKS1_B,SKS2_B,IPK_SM
833,P,BIO,G4,SRJN,LL,PDG,IPS1_SM,IPS2_KM,SKS1_B,SKS2_SB,IPK_SM
834,P,BIO,G4,SMTA,PNS,ABRI,IPS1_SM,IPS2_SM,SKS1_B,SKS2_B,IPK_SM
835,P,BIO,G4,SRJN,GRD,PNS,IPS1_M,IPS2_M,SKS1_B,SKS2_B,IPK_SM
836,P,BIO,G3,SMP,PDG,PDG,IPS1_M,IPS2_KM,SKS1_B,SKS2_B,IPK_SM
837,P,BIO,G2,SMTA,PDG,BPN,IPS1_SM,IPS2_SM,SKS1_B,SKS2_B,IPK_SM
838,P,BIO,G3,SRJN,PDG,GRD,IPS1_SM,IPS2_SM,SKS1_B,SKS2_SB,IPK_SM
839,P,BIO,G2,SD,PDG,BPN,IPS1_SM,IPS2_SM,SKS1_B,SKS2_SB,IPK_SM
840,P,BIO,G4,SRJN,PNS,GRD,IPS1_SM,IPS2_SM,SKS1_B,SKS2_B,IPK_SM
841,P,BIO,G4,SRJN,LL,LL,IPS1_CUM,IPS2_CUM,SKS1_B,SKS2_SB,IPK_CUM
842,P,BIO,G2,SMTA,LL,PS,IPS1_SM,IPS2_SM,SKS1_B,SKS2_B,IPK_SM
843,P,BIO,G2,SMTA,GRD,BPN,IPS1_CUM,IPS2_SM,SKS1_B,SKS2_B,IPK_SM
844,P,BIO,G2,SMTA,PDG,PDG,IPS1_SM,IPS2_SM,SKS1_B,SKS2_B,IPK_SM
845,P,BIO,G2,SMTA,LL,BPN,IPS1_SM,IPS2_SM,SKS1_B,SKS2_SB,IPK_SM
846,L,BIO,G4,SRJN,GRD,GRD,IPS1_M,IPS2_M,SKS1_B,SKS2_B,IPK_SM
847,L,BIO,G7,SMTA,LL,PNS,IPS1_M,IPS2_KM,SKS1_B,SKS2_B,IPK_M
848,L,BIO,G4,SRJN,LL,PNS,IPS1_KM,IPS2_KM,SKS1_B,SKS2_B,IPK_M
849,P,BIO,G4,SRJN,GRD,LL,IPS1_CUM,IPS2_M,SKS1_B,SKS2_SB,IPK_SM
850,P,BIO,G2,SMP,PDG,BPN,IPS1_SM,IPS2_CUM,SKS1_B,SKS2_B,IPK_CUM
851,P,BIO,G3,SMTA,LL,PSN,IPS1_SM,IPS2_SM,SKS1_B,SKS2_SB,IPK_CUM
852,L,BIO,G4,SMTA,GRD,PNS,IPS1_M,IPS2_KM,SKS1_B,SKS2_B,IPK_SM
853,L,BIO,G3,SMTA,PS,PS,IPS1_SM,IPS2_SM,SKS1_B,SKS2_SB,IPK_SM
854,P,BIO,G3,SD,PDG,PDG,IPS1_M,IPS2_M,SKS1_B,SKS2_B,IPK_SM
855,P,BIO,G2,SMP,BPN,BPN,IPS1_SM,IPS2_M,SKS1_B,SKS2_SB,IPK_SM
856,P,BIO,G3,SMP,PDG,LL,IPS1_SM,IPS2_SM,SKS1_B,SKS2_SB,IPK_SM
857,P,BIO,G3,SRJN,PDG,PDG,IPS1_M,IPS2_M,SKS1_B,SKS2_B,IPK_SM
858,P,BIO,G1,SMTA,LL,PDG,IPS1_M,IPS2_SM,SKS1_B,SKS2_SB,IPK_SM
859,P,BIO,G4,SRJN,PNS,GRD,IPS1_SM,IPS2_SM,SKS1_B,SKS2_SB,IPK_SM
860,P,BIO,G4,SRJN,GRD,GRD,IPS1_SM,IPS2_M,SKS1_B,SKS2_SB,IPK_SM
861,L,BIO,G4,SMTA,LL,PNS,IPS1_M,IPS2_M,SKS1_B,SKS2_B,IPK_SM
862,P,BIO,G3,LL,LL,PDG,IPS1_SM,IPS2_M,SKS1_B,SKS2_SB,IPK_SM
863,P,BIO,G4,SRJN,LL,PDG,IPS1_CUM,IPS2_CUM,SKS1_B,SKS2_SB,IPK_CUM
864,L,BIO,G2,SD,LL,PDG,IPS1_SM,IPS2_SM,SKS1_B,SKS2_SB,IPK_SM
865,P,BIO,G2,SD,PDG,PDG,IPS1_M,IPS2_SM,SKS1_B,SKS2_SB,IPK_SM
866,P,BIO,G2,SMTA,BPN,BPN,IPS1_CUM,IPS2_SM,SKS1_B,SKS2_SB,IPK_SM
867,L,BIO,G1,SD,LL,BPN,IPS1_M,IPS2_KM,SKS1_B,SKS2_B,IPK_SM
868,P,BIO,G2,SMTA,LL,PDG,IPS1_SM,IPS2_M,SKS1_B,SKS2_SB,IPK_SM
869,P,BIO,G6,SRJN,GRD,PSN,IPS1_SM,IPS2_M,SKS1_B,SKS2_SB,IPK_SM
870,P,BIO,G3,SRJN,PS,PDG,IPS1_SM,IPS2_M,SKS1_B,SKS2_SB,IPK_SM
871,P,BIO,G3,SD,LL,PDG,IPS1_M,IPS2_SM,SKS1_B,SKS2_B,IPK_SM
872,P,BIO,G3,SD,PDG,PDG,IPS1_M,IPS2_CUM,SKS1_B,SKS2_SB,IPK_SM
873,P,BIO,G2,SMTA,LL,LL,IPS1_M,IPS2_KM,SKS1_B,SKS2_SB,IPK_SM
874,P,BIO,G3,SRJN,GRD,PSN,IPS1_CUM,IPS2_CUM,SKS1_B,SKS2_SB,IPK_SM
875,P,BIO,G1,SD,BPN,BPN,IPS1_SM,IPS2_SM,SKS1_B,SKS2_B,IPK_SM
876,P,BIO,G3,SRJN,GRD,BPN,IPS1_KM,IPS2_KM,SKS1_B,SKS2_B,IPK_SM
877,P,BIO,G2,SMTA,LL,PS,IPS1_M,IPS2_M,SKS1_B,SKS2_SB,IPK_SM
878,L,BIO,G4,SMTA,LL,ABRI,IPS1_CUM,IPS2_CUM,SKS1_B,SKS2_SB,IPK_CUM
879,L,BIO,G3,SRJN,LL,GRD,IPS1_SM,IPS2_M,SKS1_B,SKS2_SB,IPK_SM
880,L,BIO,G3,SRJN,GRD,BPN,IPS1_SM,IPS2_CUM,SKS1_B,SKS2_SB,IPK_SM
881,L,BIO,G2,SD,PDG,PDG,IPS1_M,IPS2_CUM,SKS1_B,SKS2_B,IPK_SM
882,P,BIO,G5,SRJN,LL,PS,IPS1_SM,IPS2_SM,SKS1_B,SKS2_SB,IPK_SM
883,L,BIO,G4,SMTA,LL,GRD,IPS1_M,IPS2_KM,SKS1_B,SKS2_B,IPK_SM
884,P,BIO,G2,SMTA,LL,PDG,IPS1_M,IPS2_KM,SKS1_B,SKS2_B,IPK_SM
885,P,BIO,G3,SMP,LL,PDG,IPS1_M,IPS2_SM,SKS1_B,SKS2_B,IPK_SM
886,P,BIO,G2,SMTA,LL,PS,IPS1_SM,IPS2_CUM,SKS1_B,SKS2_SB,IPK_CUM
887,P,BIO,G6,SMTA,LL,PS,IPS1_SM,IPS2_M,SKS1_B,SKS2_SB,IPK_SM
888,P,BIO,G2,SD,BPN,BPN,IPS1_M,IPS2_KM,SKS1_B,SKS2_B,IPK_SM
889,L,BIO,G2,SMTA,LL,BPN,IPS1_KM,IPS2_KM,SKS1_B,SKS2_B,IPK_M
890,P,BIO,G3,LL,PDG,PS,IPS1_SM,IPS2_KM,SKS1_B,SKS2_B,IPK_SM
891,L,BIO,G1,SD,PDG,BPN,IPS1_M,IPS2_M,SKS1_B,SKS2_B,IPK_SM
892,P,BIO,G3,SRJN,PDG,LL,IPS1_M,IPS2_SM,SKS1_B,SKS2_B,IPK_SM
893,P,BIO,G4,SMTA,LL,PSN,IPS1_SM,IPS2_SM,SKS1_B,SKS2_SB,IPK_CUM
894,P,BIO,G6,SMTA,LL,PS,IPS1_KM,IPS2_M,SKS1_B,SKS2_B,IPK_SM
895,P,BIO,G3,LL,LL,PNS,IPS1_M,IPS2_M,SKS1_B,SKS2_SB,IPK_SM
896,P,BIO,G5,SRJN,GRD,PNS,IPS1_M,IPS2_SM,SKS1_B,SKS2_B,IPK_SM
897,P,BIO,G5,SRJN,GRD,PS,IPS1_M,IPS2_SM,SKS1_B,SKS2_B,IPK_SM
898,P,BIO,G2,LL,BPN,BPN,IPS1_SM,IPS2_SM,SKS1_B,SKS2_SB,IPK_SM
899,L,BIO,G2,SD,BPN,BPN,IPS1_KM,IPS2_KM,SKS1_B,SKS2_B,IPK_SM
900,P,BIO,G3,SMTA,LL,PS,IPS1_SM,IPS2_SM,SKS1_B,SKS2_SB,IPK_CUM
901,P,BIO,G4,SRJN,GRD,GRD,IPS1_SM,IPS2_CUM,SKS1_B,SKS2_SB,IPK_CUM
902,P,BIO,G7,SRJN,LL,GRD,IPS1_M,IPS2_SM,SKS1_B,SKS2_SB,IPK_SM
903,P,BIO,G6,SMTA,GRD,LL,IPS1_SM,IPS2_CUM,SKS1_B,SKS2_SB,IPK_CUM
904,P,BIO,G7,SMTA,LL,PNS,IPS1_SM,IPS2_SM,SKS1_B,SKS2_SB,IPK_CUM
905,L,BIO,G5,SMTA,LL,PS,IPS1_SM,IPS2_CUM,SKS1_B,SKS2_SB,IPK_CUM
906,P,BIO,G3,SMTA,PDG,PDG,IPS1_KM,IPS2_M,SKS1_B,SKS2_B,IPK_SM
907,P,BIO,G3,SMTA,PDG,PNS,IPS1_M,IPS2_M,SKS1_B,SKS2_B,IPK_SM
908,P,BIO,G4,SRJN,PNS,PDG,IPS1_SM,IPS2_SM,SKS1_B,SKS2_SB,IPK_CUM
909,P,BIO,G1,SD,BPN,BPN,IPS1_KM,IPS2_M,SKS1_B,SKS2_B,IPK_SM
910,P,BIO,G1,LL,PDG,BPN,IPS1_KM,IPS2_SM,SKS1_B,SKS2_B,IPK_SM
911,P,BIO,G2,SD,BPN,BPN,IPS1_SM,IPS2_CUM,SKS1_B,SKS2_SB,IPK_CUM
912,P,BIO,G4,SMTA,LL,BPN,IPS1_KM,IPS2_SM,SKS1_B,SKS2_B,IPK_SM
913,L,BIO,G3,SMTA,PS,PNS,IPS1_M,IPS2_M,SKS1_B,SKS2_B,IPK_SM
914,L,BIO,G2,SRJN,PDG,BPN,IPS1_M,IPS2_M,SKS1_B,SKS2_SB,IPK_SM
915,P,BIO,G3,SMP,PS,PDG,IPS1_SM,IPS2_SM,SKS1_SB,SKS2_B,IPK_CUM
916,L,BIO,G3,SMTA,PDG,PSN,IPS1_M,IPS2_M,SKS1_SB,SKS2_B,IPK_SM
917,L,BIO,G3,SMTA,LL,ABRI,IPS1_SM,IPS2_M,SKS1_SB,SKS2_B,IPK_SM
918,P,BIO,G4,SRJN,GRD,BPN,IPS1_CUM,IPS2_CUM,SKS1_SB,SKS2_B,IPK_SM
919,P,BIO,G4,SRJN,LL,PS,IPS1_M,IPS2_M,SKS1_SB,SKS2_B,IPK_SM
920,P,BIO,G2,SMP,BPN,BPN,IPS1_SM,IPS2_SM,SKS1_SB,SKS2_B,IPK_SM
921,L,BIO,G2,SRJN,LL,PS,IPS1_SM,IPS2_M,SKS1_SB,SKS2_B,IPK_SM
922,P,BIO,G3,SRJN,LL,PDG,IPS1_SM,IPS2_SM,SKS1_SB,SKS2_SB,IPK_CUM
923,P,BIO,G4,SMTA,LL,PDG,IPS1_M,IPS2_SM,SKS1_SB,SKS2_B,IPK_SM
924,L,BIO,G3,SMTA,BPN,BPN,IPS1_SM,IPS2_KM,SKS1_SB,SKS2_SB,IPK_SM
925,P,BIO,G3,SMTA,LL,PS,IPS1_M,IPS2_M,SKS1_SB,SKS2_B,IPK_SM
926,P,BIO,G3,SMP,PDG,PS,IPS1_SM,IPS2_M,SKS1_SB,SKS2_SB,IPK_SM
927,P,BIO,G4,SRJN,PS,PNS,IPS1_SM,IPS2_SM,SKS1_SB,SKS2_B,IPK_CUM
928,L,BIO,G3,SMTA,PS,BPN,IPS1_M,IPS2_M,SKS1_SB,SKS2_B,IPK_SM
929,L,BIO,G7,SMTA,GRD,PS,IPS1_SM,IPS2_M,SKS1_SB,SKS2_B,IPK_SM
930,P,BIO,G4,SMTA,LL,GRD,IPS1_SM,IPS2_SM,SKS1_SB,SKS2_B,IPK_SM
931,P,BIO,G2,SMTA,PDG,PDG,IPS1_M,IPS2_M,SKS1_SB,SKS2_B,IPK_SM
932,P,BIO,G2,SMTA,LL,LL,IPS1_SM,IPS2_SM,SKS1_SB,SKS2_SB,IPK_SM
933,P,BIO,G3,SMP,LL,PSN,IPS1_CUM,IPS2_CUM,SKS1_SB,SKS2_SB,IPK_CUM
934,P,BIO,G2,SMTA,LL,LL,IPS1_CUM,IPS2_KM,SKS1_SB,SKS2_K,IPK_CUM
935,P,BIO,G3,SMTA,PDG,PDG,IPS1_M,IPS2_M,SKS1_SB,SKS2_B,IPK_SM
936,L,BIO,G7,SRJN,LL,PNS,IPS1_CUM,IPS2_SM,SKS1_SB,SKS2_SB,IPK_CUM
937,P,BIO,G4,SRJN,BPN,PNS,IPS1_M,IPS2_M,SKS1_SB,SKS2_B,IPK_SM
938,L,BIO,G3,SRJN,GRD,GRD,IPS1_SM,IPS2_M,SKS1_SB,SKS2_SB,IPK_SM
939,P,BIO,G4,SRJN,LL,ABRI,IPS1_SM,IPS2_SM,SKS1_SB,SKS2_B,IPK_CUM
940,P,BIO,G4,SMTA,LL,LL,IPS1_KM,IPS2_KM,SKS1_SB,SKS2_B,IPK_SM
941,P,BIO,G1,SMTA,PDG,LL,IPS1_CUM,IPS2_SM,SKS1_SB,SKS2_SB,IPK_CUM
942,P,BIO,G4,SRJN,LL,GRD,IPS1_SM,IPS2_CUM,SKS1_SB,SKS2_B,IPK_CUM
943,P,BIO,G4,SMTA,BPN,LL,IPS1_M,IPS2_M,SKS1_SB,SKS2_B,IPK_CUM
944,P,BIO,G2,LL,LL,BPN,IPS1_SM,IPS2_SM,SKS1_SB,SKS2_B,IPK_CUM
945,P,BIO,G3,SD,LL,PDG,IPS1_SM,IPS2_SM,SKS1_SB,SKS2_B,IPK_SM
946,P,BIO,G3,SMTA,LL,PDG,IPS1_SM,IPS2_SM,SKS1_SB,SKS2_B,IPK_CUM
947,P,BIO,G3,SMP,PS,PS,IPS1_M,IPS2_KM,SKS1_SB,SKS2_B,IPK_SM
948,P,BIO,G2,SD,PDG,PDG,IPS1_SM,IPS2_KM,SKS1_SB,SKS2_B,IPK_SM
949,P,BIO,G5,SRJN,LL,GRD,IPS1_SM,IPS2_SM,SKS1_SB,SKS2_B,IPK_SM
950,P,BIO,G2,SD,BPN,BPN,IPS1_SM,IPS2_KM,SKS1_SB,SKS2_B,IPK_SM
951,L,BIO,G2,SD,LL,PDG,IPS1_SM,IPS2_M,SKS1_SB,SKS2_SB,IPK_SM
952,L,BIO,G4,SMTA,LL,GRD,IPS1_CUM,IPS2_SM,SKS1_SB,SKS2_SB,IPK_CUM
953,L,IF,G3,SRJN,LL,PS,IPS1_CUM,IPS2_CUM,SKS1_B,SKS2_B,IPK_CUM
954,L,IF,G2,SMTA,PDG,PDG,IPS1_SM,IPS2_M,SKS1_B,SKS2_B,IPK_SM
955,L,IF,G3,SMTA,LL,GRD,IPS1_SM,IPS2_SM,SKS1_B,SKS2_B,IPK_SM
956,L,IF,G3,SMTA,GRD,LL,IPS1_M,IPS2_KM,SKS1_B,SKS2_B,IPK_M
957,L,IF,G4,SD,LL,PNS,IPS1_KM,IPS2_KM,SKS1_B,SKS2_B,IPK_SM
958,L,IF,G4,SD,LL,PS,IPS1_SM,IPS2_KM,SKS1_B,SKS2_B,IPK_SM
959,L,IF,G2,SD,BPN,BPN,IPS1_SM,IPS2_KM,SKS1_B,SKS2_B,IPK_SM
960,L,IF,G3,SMTA,LL,BPN,IPS1_M,IPS2_M,SKS1_B,SKS2_B,IPK_SM
961,L,IF,G4,SRJN,PNS,PNS,IPS1_KM,IPS2_KM,SKS1_B,SKS2_B,IPK_SM
962,P,IF,G4,SMP,LL,PDG,IPS1_SM,IPS2_KM,SKS1_B,SKS2_B,IPK_SM
963,P,IF,G3,SRJN,PNS,LL,IPS1_SM,IPS2_M,SKS1_B,SKS2_B,IPK_SM
964,L,IF,G2,SD,LL,BPN,IPS1_KM,IPS2_KM,SKS1_B,SKS2_B,IPK_SM
965,L,IF,G2,SD,LL,PNS,IPS1_SM,IPS2_M,SKS1_B,SKS2_B,IPK_SM
966,L,IF,G2,SMTA,LL,LL,IPS1_SM,IPS2_KM,SKS1_B,SKS2_B,IPK_SM
967,P,IF,G3,SMTA,LL,PSN,IPS1_SM,IPS2_M,SKS1_B,SKS2_B,IPK_SM
968,L,IF,G3,SMTA,PDG,PNS,IPS1_CUM,IPS2_KM,SKS1_B,SKS2_B,IPK_SM
969,P,IF,G3,SMTA,LL,PS,IPS1_M,IPS2_SM,SKS1_B,SKS2_B,IPK_SM
970,P,IF,G3,SD,PDG,BPN,IPS1_KM,IPS2_M,SKS1_B,SKS2_B,IPK_SM
971,L,IF,G3,SRJN,GRD,GRD,IPS1_KM,IPS2_M,SKS1_B,SKS2_B,IPK_SM
972,L,IF,G3,SRJN,GRD,PNS,IPS1_M,IPS2_KM,SKS1_B,SKS2_B,IPK_SM
973,P,IF,G3,SRJN,GRD,BPN,IPS1_SM,IPS2_M,SKS1_B,SKS2_B,IPK_SM
974,P,IF,G3,SMTA,LL,GRD,IPS1_M,IPS2_SM,SKS1_B,SKS2_B,IPK_SM
975,P,IF,G3,SMTA,PS,PS,IPS1_CUM,IPS2_CUM,SKS1_B,SKS2_B,IPK_CUM
976,L,IF,G3,SRJN,GRD,ABRI,IPS1_M,IPS2_KM,SKS1_B,SKS2_B,IPK_SM
977,L,IF,G2,SMTA,LL,PNS,IPS1_KM,IPS2_KM,SKS1_B,SKS2_B,IPK_SM
978,L,IF,G3,SD,PDG,PDG,IPS1_KM,IPS2_KM,SKS1_B,SKS2_B,IPK_M
979,P,IF,G2,SD,LL,PNS,IPS1_M,IPS2_M,SKS1_B,SKS2_B,IPK_SM
980,P,IF,G3,SRJN,GRD,PSN,IPS1_SM,IPS2_CUM,SKS1_B,SKS2_B,IPK_CUM
981,P,IF,G2,SD,BPN,PDG,IPS1_KM,IPS2_KM,SKS1_B,SKS2_B,IPK_SM
982,P,IF,G3,SRJN,GRD,GRD,IPS1_SM,IPS2_M,SKS1_B,SKS2_B,IPK_SM
983,P,IF,G3,SMTA,GRD,GRD,IPS1_SM,IPS2_SM,SKS1_B,SKS2_B,IPK_SM
984,P,IF,G3,SMTA,LL,GRD,IPS1_SM,IPS2_CUM,SKS1_B,SKS2_B,IPK_CUM
985,L,IF,G4,SMTA,LL,PNS,IPS1_M,IPS2_SM,SKS1_B,SKS2_B,IPK_SM
986,P,IF,G4,SRJN,GRD,GRD,IPS1_M,IPS2_CUM,SKS1_B,SKS2_B,IPK_SM
987,P,IF,G4,SRJN,PNS,PNS,IPS1_CUM,IPS2_CUM,SKS1_B,SKS2_B,IPK_CUM
988,P,IF,G4,SRJN,LL,LL,IPS1_M,IPS2_SM,SKS1_B,SKS2_B,IPK_SM
989,P,IF,G4,SRJN,PDG,PNS,IPS1_SM,IPS2_CUM,SKS1_B,SKS2_B,IPK_CUM
990,P,IF,G4,SRJN,LL,PNS,IPS1_KM,IPS2_M,SKS1_B,SKS2_B,IPK_SM
991,L,IF,G2,SMTA,LL,PSN,IPS1_M,IPS2_M,SKS1_B,SKS2_B,IPK_SM
992,P,IF,G3,SRJN,PSN,PSN,IPS1_M,IPS2_CUM,SKS1_B,SKS2_B,IPK_CUM
993,L,IF,G4,SRJN,PS,PNS,IPS1_KM,IPS2_KM,SKS1_B,SKS2_B,IPK_KM
994,L,IF,G4,SRJN,PNS,GRD,IPS1_CUM,IPS2_CUM,SKS1_B,SKS2_B,IPK_CUM
995,L,IF,G3,SMTA,LL,GRD,IPS1_SM,IPS2_SM,SKS1_B,SKS2_B,IPK_SM
996,L,IF,G3,SD,PDG,PNS,IPS1_SM,IPS2_SM,SKS1_B,SKS2_B,IPK_SM
997,P,IF,G4,SMTA,PNS,PS,IPS1_SM,IPS2_CUM,SKS1_B,SKS2_B,IPK_CUM
998,P,IF,G1,SRJN,PDG,PDG,IPS1_KM,IPS2_CUM,SKS1_B,SKS2_B,IPK_SM
999,L,IF,G3,SMP,PDG,GRD,IPS1_M,IPS2_KM,SKS1_B,SKS2_B,IPK_M
1000,L,IF,G4,LL,LL,PDG,IPS1_SM,IPS2_SM,SKS1_B,SKS2_B,IPK_SM
1001,L,IF,G4,SRJN,GRD,GRD,IPS1_SM,IPS2_CUM,SKS1_B,SKS2_B,IPK_CUM
1002,P,IF,G3,SMP,LL,PSN,IPS1_M,IPS2_CUM,SKS1_B,SKS2_B,IPK_CUM
1003,P,IF,G4,LL,LL,PS,IPS1_SM,IPS2_CUM,SKS1_B,SKS2_B,IPK_CUM
1004,L,IF,G4,SRJN,LL,PNS,IPS1_SM,IPS2_CUM,SKS1_B,SKS2_B,IPK_CUM
1005,P,IF,G2,SMTA,LL,PSN,IPS1_M,IPS2_SM,SKS1_B,SKS2_B,IPK_SM
1006,L,IF,G7,SMTA,PDG,PDG,IPS1_KM,IPS2_KM,SKS1_B,SKS2_B,IPK_M
1007,P,IF,G3,SD,PDG,PDG,IPS1_SM,IPS2_SM,SKS1_B,SKS2_B,IPK_CUM
1008,L,IF,G1,SD,LL,PDG,IPS1_KM,IPS2_SM,SKS1_B,SKS2_B,IPK_SM
1009,P,IF,G3,SMTA,LL,PS,IPS1_M,IPS2_M,SKS1_B,SKS2_B,IPK_SM
1010,P,IF,G3,SMTA,PDG,GRD,IPS1_M,IPS2_SM,SKS1_B,SKS2_B,IPK_SM
1011,P,IF,G3,SMTA,LL,PS,IPS1_KM,IPS2_CUM,SKS1_B,SKS2_B,IPK_SM
1012,P,IF,G4,SRJN,PNS,PNS,IPS1_SM,IPS2_SM,SKS1_B,SKS2_B,IPK_CUM
1013,P,IF,G4,SMTA,PS,PNS,IPS1_KM,IPS2_KM,SKS1_B,SKS2_B,IPK_M
1014,L,IF,G3,SMP,LL,PS,IPS1_M,IPS2_SM,SKS1_B,SKS2_B,IPK_SM
1015,L,IF,G3,SMTA,PS,PDG,IPS1_SM,IPS2_CUM,SKS1_B,SKS2_B,IPK_CUM
1016,L,IF,G4,SRJN,GRD,PS,IPS1_KM,IPS2_M,SKS1_B,SKS2_B,IPK_SM
1017,P,IF,G4,SMTA,PDG,PDG,IPS1_KM,IPS2_CUM,SKS1_B,SKS2_B,IPK_CUM
1018,L,IF,G4,SMTA,PNS,GRD,IPS1_KM,IPS2_SM,SKS1_B,SKS2_B,IPK_SM
1019,L,IF,G6,SRJN,LL,PS,IPS1_M,IPS2_SM,SKS1_B,SKS2_B,IPK_SM
1020,P,IF,G2,SD,LL,PNS,IPS1_M,IPS2_SM,SKS1_B,SKS2_B,IPK_SM
1021,P,IF,G4,SMTA,PDG,GRD,IPS1_KM,IPS2_M,SKS1_B,SKS2_B,IPK_M
1022,L,IF,G3,SRJN,GRD,ABRI,IPS1_KM,IPS2_KM,SKS1_B,SKS2_B,IPK_SM
1023,P,IF,G3,SMTA,PDG,PSN,IPS1_KM,IPS2_M,SKS1_B,SKS2_B,IPK_SM
1024,L,IF,G3,SRJN,PNS,PNS,IPS1_KM,IPS2_KM,SKS1_B,SKS2_B,IPK_KM
1025,L,IF,G5,SMTA,LL,PNS,IPS1_KM,IPS2_M,SKS1_B,SKS2_B,IPK_SM
1026,P,IF,G7,SRJN,GRD,PNS,IPS1_KM,IPS2_SM,SKS1_B,SKS2_B,IPK_SM
1027,L,IF,G4,SRJN,PNS,GRD,IPS1_SM,IPS2_SM,SKS1_B,SKS2_B,IPK_SM
1028,P,IF,G3,SRJN,GRD,PNS,IPS1_M,IPS2_M,SKS1_B,SKS2_B,IPK_SM
1029,L,IF,G4,SMTA,LL,PDG,IPS1_M,IPS2_KM,SKS1_B,SKS2_B,IPK_SM
1030,P,IF,G4,SMTA,GRD,PNS,IPS1_M,IPS2_M,SKS1_B,SKS2_B,IPK_SM
1031,L,IF,G2,SRJN,LL,LL,IPS1_KM,IPS2_KM,SKS1_B,SKS2_C,IPK_KM
1032,L,IF,G4,SRJN,GRD,GRD,IPS1_SM,IPS2_SM,SKS1_B,SKS2_B,IPK_SM
1033,L,IF,G3,SRJN,GRD,PDG,IPS1_KM,IPS2_KM,SKS1_B,SKS2_B,IPK_SM
1034,L,IF,G4,SMTA,LL,PS,IPS1_SM,IPS2_M,SKS1_B,SKS2_B,IPK_SM
1035,P,IF,G3,SMTA,LL,PS,IPS1_M,IPS2_KM,SKS1_B,SKS2_B,IPK_SM
1036,L,IF,G5,SRJN,GRD,GRD,IPS1_SM,IPS2_SM,SKS1_B,SKS2_B,IPK_SM
1037,L,IF,G4,SMTA,PDG,PSN,IPS1_CUM,IPS2_SM,SKS1_B,SKS2_B,IPK_SM
1038,P,IF,G1,LL,LL,BPN,IPS1_M,IPS2_M,SKS1_B,SKS2_B,IPK_SM
1039,P,IF,G4,SRJN,PNS,GRD,IPS1_CUM,IPS2_SM,SKS1_B,SKS2_B,IPK_SM
1040,L,IF,G2,SD,PDG,LL,IPS1_SM,IPS2_SM,SKS1_B,SKS2_B,IPK_SM
1041,L,IF,G4,SRJN,GRD,GRD,IPS1_M,IPS2_M,SKS1_B,SKS2_B,IPK_M
1042,L,IF,G4,SMTA,LL,PDG,IPS1_M,IPS2_SM,SKS1_B,SKS2_B,IPK_SM
1043,P,IF,G2,SMP,LL,PDG,IPS1_CUM,IPS2_SM,SKS1_B,SKS2_B,IPK_CUM
1044,P,IF,G1,SMTA,PDG,PDG,IPS1_SM,IPS2_SM,SKS1_B,SKS2_B,IPK_SM
1045,P,IF,G3,SMTA,PDG,PSN,IPS1_CUM,IPS2_CUM,SKS1_B,SKS2_B,IPK_CUM
1046,L,IF,G3,SD,PDG,PNS,IPS1_M,IPS2_KM,SKS1_B,SKS2_B,IPK_M
1047,L,IF,G4,SRJN,GRD,GRD,IPS1_M,IPS2_M,SKS1_B,SKS2_B,IPK_SM
1048,P,IF,G2,SMTA,LL,PDG,IPS1_M,IPS2_SM,SKS1_B,SKS2_B,IPK_SM
1049,L,IF,G4,SMTA,PDG,PNS,IPS1_SM,IPS2_KM,SKS1_B,SKS2_B,IPK_SM
1050,L,IF,G4,SRJN,GRD,PDG,IPS1_SM,IPS2_KM,SKS1_B,SKS2_B,IPK_M
1051,P,IF,G4,SRJN,PNS,PS,IPS1_M,IPS2_M,SKS1_B,SKS2_B,IPK_SM
1052,L,IF,G3,SRJN,PS,PDG,IPS1_SM,IPS2_KM,SKS1_B,SKS2_B,IPK_SM
1053,P,IF,G5,SMTA,PDG,PDG,IPS1_SM,IPS2_SM,SKS1_B,SKS2_B,IPK_SM
1054,P,IF,G2,SD,BPN,BPN,IPS1_SM,IPS2_SM,SKS1_B,SKS2_B,IPK_SM
1055,P,IF,G3,SRJN,GRD,GRD,IPS1_M,IPS2_SM,SKS1_B,SKS2_B,IPK_SM
1056,L,IF,G3,SMTA,PNS,PDG,IPS1_M,IPS2_KM,SKS1_B,SKS2_B,IPK_M
1057,L,IF,G1,SD,BPN,BPN,IPS1_SM,IPS2_SM,SKS1_B,SKS2_B,IPK_SM
1058,P,IF,G6,SRJN,LL,PNS,IPS1_KM,IPS2_M,SKS1_B,SKS2_B,IPK_SM
1059,L,IF,G5,SMTA,PDG,PDG,IPS1_KM,IPS2_KM,SKS1_B,SKS2_B,IPK_KM
1060,L,IF,G4,SRJN,GRD,GRD,IPS1_CUM,IPS2_SM,SKS1_B,SKS2_B,IPK_SM
1061,P,IF,G4,SRJN,PS,PNS,IPS1_CUM,IPS2_SM,SKS1_B,SKS2_B,IPK_SM
1062,L,IF,G3,SMTA,PDG,LL,IPS1_KM,IPS2_KM,SKS1_B,SKS2_B,IPK_KM
1063,L,IF,G2,SMTA,LL,PSN,IPS1_M,IPS2_M,SKS1_B,SKS2_B,IPK_SM
1064,L,IF,G4,SMTA,LL,PS,IPS1_SM,IPS2_CUM,SKS1_B,SKS2_B,IPK_CUM
1065,L,IF,G4,SRJN,GRD,GRD,IPS1_M,IPS2_M,SKS1_B,SKS2_B,IPK_SM
1066,L,IF,G3,SD,LL,PSN,IPS1_CUM,IPS2_SM,SKS1_B,SKS2_B,IPK_SM
1067,P,IF,G4,SMTA,GRD,PS,IPS1_SM,IPS2_SM,SKS1_B,SKS2_B,IPK_SM
1068,P,IF,G3,SMTA,PDG,PS,IPS1_SM,IPS2_SM,SKS1_B,SKS2_B,IPK_SM
1069,L,IF,G4,SRJN,GRD,PS,IPS1_M,IPS2_KM,SKS1_B,SKS2_B,IPK_KM
1070,P,IF,G4,SRJN,GRD,GRD,IPS1_CUM,IPS2_SM,SKS1_B,SKS2_B,IPK_SM
1071,L,IF,G2,SMTA,LL,GRD,IPS1_CUM,IPS2_SM,SKS1_B,SKS2_B,IPK_CUM
1072,P,IF,G4,SRJN,PNS,PNS,IPS1_CUM,IPS2_SM,SKS1_B,SKS2_B,IPK_SM
1073,L,IF,G2,SMP,BPN,PS,IPS1_SM,IPS2_SM,SKS1_B,SKS2_B,IPK_SM
1074,P,IF,G4,SRJN,GRD,GRD,IPS1_SM,IPS2_SM,SKS1_B,SKS2_B,IPK_SM
1075,P,IF,G4,SMTA,GRD,BPN,IPS1_SM,IPS2_SM,SKS1_B,SKS2_B,IPK_SM
1076,L,IF,G4,SMP,LL,PS,IPS1_SM,IPS2_SM,SKS1_B,SKS2_B,IPK_SM
1077,L,IF,G4,SMTA,PNS,PSN,IPS1_SM,IPS2_SM,SKS1_B,SKS2_B,IPK_SM
1078,L,IF,G2,SRJN,GRD,LL,IPS1_SM,IPS2_SM,SKS1_B,SKS2_B,IPK_CUM
1079,P,IF,G4,SRJN,GRD,GRD,IPS1_SM,IPS2_M,SKS1_B,SKS2_B,IPK_SM
1080,P,IF,G4,SRJN,GRD,GRD,IPS1_SM,IPS2_SM,SKS1_B,SKS2_B,IPK_SM
1081,P,IF,G4,SRJN,LL,GRD,IPS1_CUM,IPS2_SM,SKS1_B,SKS2_B,IPK_CUM
1082,P,IF,G3,SMTA,PNS,PSN,IPS1_SM,IPS2_M,SKS1_B,SKS2_B,IPK_SM
1083,P,IF,G4,SMTA,LL,GRD,IPS1_SM,IPS2_SM,SKS1_B,SKS2_B,IPK_SM
1084,L,IF,G4,SRJN,GRD,LL,IPS1_CUM,IPS2_SM,SKS1_B,SKS2_B,IPK_CUM
1085,P,IF,G4,SRJN,GRD,GRD,IPS1_SM,IPS2_SM,SKS1_B,SKS2_B,IPK_SM
1086,L,IF,G4,SRJN,GRD,PNS,IPS1_SM,IPS2_SM,SKS1_B,SKS2_B,IPK_CUM
1087,P,IF,G1,SMTA,PS,LL,IPS1_CUM,IPS2_SM,SKS1_B,SKS2_B,IPK_CUM
1088,P,IF,G2,SMP,BPN,BPN,IPS1_KM,IPS2_KM,SKS1_B,SKS2_B,IPK_M
1089,L,IF,G4,SMTA,LL,PSN,IPS1_SM,IPS2_SM,SKS1_B,SKS2_B,IPK_SM
1090,P,IF,G2,SMTA,LL,PS,IPS1_SM,IPS2_SM,SKS1_B,SKS2_B,IPK_SM
1091,L,IF,G3,SMP,PDG,PNS,IPS1_SM,IPS2_SM,SKS1_B,SKS2_B,IPK_SM
1092,L,IF,G4,SRJN,GRD,LL,IPS1_CUM,IPS2_CUM,SKS1_B,SKS2_B,IPK_CUM
1093,L,IF,G7,SRJN,LL,GRD,IPS1_SM,IPS2_SM,SKS1_B,SKS2_B,IPK_SM
1094,P,IF,G5,SRJN,GRD,GRD,IPS1_CUM,IPS2_CUM,SKS1_B,SKS2_B,IPK_CUM
1095,L,IF,G5,SRJN,LL,PS,IPS1_SM,IPS2_SM,SKS1_B,SKS2_B,IPK_SM
1096,P,IF,G3,SRJN,PDG,PDG,IPS1_SM,IPS2_SM,SKS1_B,SKS2_B,IPK_SM
1097,L,IF,G3,SMTA,LL,PSN,IPS1_CUM,IPS2_CUM,SKS1_B,SKS2_B,IPK_CUM
1098,L,IF,G3,SMTA,LL,PSN,IPS1_M,IPS2_SM,SKS1_B,SKS2_B,IPK_SM
1099,P,IF,G3,SRJN,LL,PNS,IPS1_SM,IPS2_SM,SKS1_B,SKS2_B,IPK_CUM
1100,P,IF,G5,SRJN,PNS,PS,IPS1_SM,IPS2_SM,SKS1_B,SKS2_B,IPK_CUM
1101,L,IF,G3,SMTA,LL,BPN,IPS1_M,IPS2_M,SKS1_B,SKS2_B,IPK_SM
1102,P,IF,G4,SRJN,PNS,PNS,IPS1_CUM,IPS2_CUM,SKS1_B,SKS2_B,IPK_CUM
1103,L,IF,G4,SRJN,PNS,PNS,IPS1_SM,IPS2_SM,SKS1_B,SKS2_B,IPK_SM
1104,L,IF,G5,SRJN,GRD,PNS,IPS1_KM,IPS2_M,SKS1_B,SKS2_B,IPK_SM
1105,P,IF,G5,SMTA,LL,PDG,IPS1_KM,IPS2_M,SKS1_B,SKS2_B,IPK_SM
1106,P,IF,G4,SRJN,GRD,PNS,IPS1_SM,IPS2_CUM,SKS1_B,SKS2_B,IPK_CUM
1107,P,IF,G4,SMTA,LL,PS,IPS1_SM,IPS2_CUM,SKS1_B,SKS2_B,IPK_SM
1108,P,IF,G2,SMTA,PDG,PDG,IPS1_SM,IPS2_SM,SKS1_B,SKS2_B,IPK_CUM
1109,P,IF,G3,SRJN,GRD,PSN,IPS1_SM,IPS2_CUM,SKS1_B,SKS2_B,IPK_CUM
1110,L,IF,G3,SMTA,LL,PSN,IPS1_SM,IPS2_SM,SKS1_B,SKS2_B,IPK_SM
1111,P,IF,G4,SRJN,GRD,GRD,IPS1_SM,IPS2_SM,SKS1_B,SKS2_B,IPK_SM
1112,P,IF,G4,SRJN,PNS,PS,IPS1_CUM,IPS2_CUM,SKS1_B,SKS2_B,IPK_CUM
1113,P,IF,G4,SMTA,PDG,PDG,IPS1_SM,IPS2_SM,SKS1_B,SKS2_B,IPK_CUM
1114,P,IF,G4,SRJN,GRD,PSN,IPS1_SM,IPS2_SM,SKS1_B,SKS2_B,IPK_SM
1115,P,IF,G4,SRJN,GRD,GRD,IPS1_SM,IPS2_M,SKS1_B,SKS2_B,IPK_SM
1116,L,IF,G4,SRJN,PNS,PSN,IPS1_SM,IPS2_SM,SKS1_B,SKS2_B,IPK_SM
1117,L,IF,G5,SRJN,ABRI,PSN,IPS1_SM,IPS2_SM,SKS1_B,SKS2_B,IPK_SM
1118,P,IF,G3,SRJN,LL,GRD,IPS1_CUM,IPS2_CUM,SKS1_B,SKS2_B,IPK_CUM
1119,P,IF,G3,SMTA,LL,PS,IPS1_CUM,IPS2_CUM,SKS1_B,SKS2_B,IPK_CUM
1120,L,IF,G5,SRJN,GRD,PNS,IPS1_M,IPS2_SM,SKS1_B,SKS2_B,IPK_SM
1121,L,IF,G3,SD,LL,BPN,IPS1_SM,IPS2_CUM,SKS1_B,SKS2_B,IPK_CUM
1122,L,IF,G4,SMTA,LL,ABRI,IPS1_SM,IPS2_SM,SKS1_B,SKS2_B,IPK_SM
1123,P,IF,G1,SMTA,LL,BPN,IPS1_CUM,IPS2_CUM,SKS1_B,SKS2_B,IPK_CUM
1124,L,IF,G4,SMTA,PDG,ABRI,IPS1_SM,IPS2_SM,SKS1_B,SKS2_B,IPK_SM
1125,L,IF,G4,SRJN,LL,GRD,IPS1_CUM,IPS2_SM,SKS1_B,SKS2_B,IPK_SM
1126,L,IF,G3,SRJN,GRD,BPN,IPS1_CUM,IPS2_CUM,SKS1_B,SKS2_B,IPK_CUM
1127,L,IF,G4,SMTA,LL,PDG,IPS1_CUM,IPS2_CUM,SKS1_B,SKS2_B,IPK_CUM
1128,P,IF,G5,SRJN,PS,PNS,IPS1_CUM,IPS2_SM,SKS1_B,SKS2_B,IPK_CUM
1129,L,IF,G3,SD,LL,PSN,IPS1_SM,IPS2_CUM,SKS1_B,SKS2_B,IPK_CUM
1130,P,IF,G4,SMTA,PDG,GRD,IPS1_SM,IPS2_SM,SKS1_B,SKS2_B,IPK_SM
1131,P,IF,G4,SRJN,GRD,GRD,IPS1_CUM,IPS2_CUM,SKS1_B,SKS2_B,IPK_CUM
1132,P,IF,G4,SMTA,LL,GRD,IPS1_CUM,IPS2_SM,SKS1_B,SKS2_B,IPK_CUM
1133,L,IF,G4,SRJN,LL,PS,IPS1_CUM,IPS2_CUM,SKS1_B,SKS2_B,IPK_CUM
