,JK,JUR,GAJI_ORTU,PDK_IBU,PEK_IBU,PEK_AYAH,STATUS_LULUS
0,L,AKU,G4,SMTA,PDG,PNS,LLW
1,P,AKU,G4,SMTA,LL,LL,LTW
2,P,AKU,G4,SRJN,LL,PS,LTW
3,P,AKU,G4,SRJN,LL,PNS,LTW
4,L,AKU,G2,SMTA,LL,PS,LTW
5,L,AKU,G4,SRJN,PNS,PNS,LLW
6,L,AKU,G3,SMTA,LL,PNS,LLW
7,L,AKU,G3,SRJN,GRD,PNS,LLW
8,L,AKU,G4,SRJN,GRD,PNS,LLW
9,P,AKU,G4,SMTA,LL,PNS,LLW
10,P,AKU,G3,SMTA,PDG,PS,LTW
11,L,AKU,G2,SMTA,LL,PS,LLW
12,L,AKU,G4,SMTA,LL,GRD,LLW
13,L,AKU,G2,SMTA,PDG,PDG,LLW
14,L,AKU,G4,SMTA,LL,PNS,LTW
15,P,AKU,G4,SMTA,PDG,PDG,LTW
16,L,AKU,G3,SMP,LL,PS,LLW
17,P,AKU,G2,SMTA,PDG,LL,LLW
18,P,AKU,G3,SMTA,LL,PNS,LC
19,P,AKU,G4,SMTA,LL,PDG,LTW
20,L,AKU,G3,SRJN,GRD,LL,LTW
21,P,AKU,G1,SMP,PDG,BPN,LTW
22,P,AKU,G4,SMTA,LL,GRD,LTW
23,L,AKU,G5,SRJN,LL,LL,LTW
24,P,AKU,G4,SRJN,GRD,PNS,LTW
25,P,AKU,G3,SRJN,PNS,PDG,LTW
26,L,AKU,G7,SD,LL,PDG,LLW
27,P,AKU,G2,SD,PDG,PDG,LTW
28,P,AKU,G3,SRJN,GRD,GRD,LTW
29,L,AKU,G4,SMTA,PS,GRD,LLW
30,P,AKU,G4,SMTA,PNS,PNS,LC
31,P,AKU,G3,SMP,PDG,PDG,LTW
32,P,AKU,G5,SMTA,LL,PS,LLW
33,P,AKU,G2,SMTA,LL,PDG,LTW
34,L,AKU,G3,SRJN,PSN,PNS,LLW
35,P,AKU,G4,SRJN,GRD,GRD,LLW
36,P,AKU,G3,SMTA,PNS,LL,LTW
37,P,AKU,G4,SRJN,GRD,LL,LTW
38,L,AKU,G3,SMTA,PS,PDG,LLW
39,L,AKU,G2,SMTA,LL,PSN,LLW
40,L,AKU,G4,SRJN,GRD,GRD,LLW
41,L,AKU,G3,SMP,LL,PSN,LLW
42,P,AKU,G4,SRJN,LL,PS,LTW
43,L,AKU,G3,SMP,PDG,PDG,LTW
44,P,AKU,G6,SMTA,LL,PNS,LTW
45,P,AKU,G4,SRJN,GRD,PNS,LTW
46,P,AKU,G4,SMTA,LL,PS,LTW
47,P,AKU,G3,SRJN,PNS,GRD,LTW
48,P,AKU,G3,SMTA,LL,PNS,LTW
49,P,AKU,G3,SMTA,LL,PDG,LTW
50,P,AKU,G3,SRJN,PNS,GRD,LLW
51,P,AKU,G4,SRJN,GRD,PNS,LTW
52,L,AKU,G4,SRJN,GRD,BPN,LLW
53,L,AKU,G4,SRJN,PNS,PNS,LLW
54,L,AKU,G7,SMTA,LL,PS,LLW
55,P,AKU,G4,SRJN,GRD,GRD,LLW
56,L,AKU,G4,SMTA,PNS,PS,LLW
57,L,AKU,G4,SRJN,GRD,GRD,LTW
58,L,AKU,G4,SD,PDG,PDG,LLW
59,L,AKU,G2,SRJN,PS,PDG,LLW
60,L,AKU,G5,SRJN,PNS,PNS,LLW
61,L,AKU,G5,SRJN,LL,LL,LLW
62,P,AKU,G5,SMTA,LL,PNS,LTW
63,L,AKU,G7,SRJN,PNS,LL,LLW
64,P,AKU,G3,SRJN,GRD,GRD,LTW
65,L,AKU,G3,SMTA,LL,PSN,LLW
66,L,AKU,G4,SMTA,LL,PNS,LTW
67,L,AKU,G3,SMP,PDG,PS,LLW
68,L,AKU,G4,SMTA,LL,PSN,LLW
69,L,AKU,G6,SMTA,PS,PNS,LTW
70,L,AKU,G6,SMTA,LL,LL,LTW
71,L,AKU,G1,SMTA,LL,LL,LTW
72,L,AKU,G4,SRJN,GRD,GRD,LLW
73,L,AKU,G4,SRJN,PDG,PNS,LTW
74,P,AKU,G3,SMTA,LL,GRD,LLW
75,P,AKU,G4,SMTA,LL,PDG,LTW
76,L,AKU,G4,SMTA,PSN,PSN,LTW
77,P,AKU,G4,SMTA,PNS,PS,LLW
78,P,AKU,G3,SRJN,PDG,LL,LLW
79,L,AKU,G5,SMTA,PDG,PDG,LLW
80,P,AKU,G3,SMTA,GRD,LL,LLW
81,L,AKU,G2,SMTA,LL,PS,LLW
82,L,AKU,G3,SRJN,LL,PSN,LLW
83,P,AKU,G4,SMTA,PNS,PSN,LTW
84,L,AKU,G3,SRJN,GRD,PSN,LLW
85,P,AKU,G3,SRJN,LL,PSN,LLW
86,P,AKU,G3,SRJN,LL,PDG,LTW
87,L,AKU,G3,SD,LL,PNS,LLW
88,L,AKU,G3,LL,PDG,PDG,LLW
89,P,AKU,G3,SMTA,PSN,PS,LLW
90,P,AKU,G3,SD,PDG,PS,LTW
91,P,AKU,G4,SRJN,PNS,PDG,LLW
92,P,AKU,G2,SRJN,PS,PS,LLW
93,P,AKU,G3,SRJN,GRD,PNS,LTW
94,L,AKU,G4,SRJN,PSN,GRD,LLW
95,P,AKU,G3,SMTA,LL,PDG,LLW
96,L,AKU,G3,SD,LL,PNS,LLW
97,L,AKU,G3,SRJN,PNS,PS,LLW
98,L,AKU,G4,SMTA,LL,PDG,LLW
99,L,AKU,G3,SMTA,LL,PNS,LLW
100,P,AKU,G3,SRJN,PDG,BPN,LLW
101,P,AKU,G2,SD,LL,BPN,LTW
102,P,AKU,G4,SRJN,PNS,PS,LC
103,L,AKU,G4,SRJN,PSN,PSN,LTW
104,L,AKU,G7,SRJN,GRD,GRD,LLW
105,P,AKU,G4,SMTA,LL,PNS,LLW
106,P,AKU,G3,SMTA,LL,PDG,LTW
107,P,AKU,G3,SMP,LL,ABRI,LLW
108,L,AKU,G4,SMTA,PNS,GRD,LLW
109,P,AKU,G6,SRJN,PNS,PNS,LLW
110,P,AKU,G2,LL,LL,PDG,LTW
111,P,AKU,G4,SMP,PDG,PDG,LTW
112,P,AKU,G3,SRJN,GRD,GRD,LLW
113,P,AKU,G4,SRJN,GRD,PNS,LTW
114,P,AKU,G2,SMP,LL,PDG,LTW
115,P,AKU,G4,SMTA,LL,PDG,LLW
116,L,AKU,G4,SRJN,GRD,PNS,LTW
117,P,AKU,G4,SRJN,GRD,GRD,LTW
118,P,AKU,G4,SMTA,PDG,ABRI,LTW
119,P,AKU,G3,SRJN,PNS,GRD,LTW
120,P,AKU,G3,SMTA,LL,PNS,LTW
121,P,AKU,G5,SRJN,GRD,PSN,LLW
122,P,AKU,G3,SMTA,GRD,LL,LTW
123,L,AKU,G4,SRJN,GRD,GRD,LLW
124,P,AKU,G2,SMP,PDG,LL,LTW
125,P,AKU,G4,SRJN,PNS,PDG,LTW
126,P,AKU,G4,SRJN,GRD,GRD,LTW
127,L,AKU,G7,SRJN,LL,PNS,LLW
128,L,AKU,G3,SMTA,LL,PS,LTW
129,L,AKU,G4,SRJN,PS,LL,LLW
130,L,AKU,G4,SMTA,PSN,PS,LLW
131,P,AKU,G4,SD,PDG,PS,LTW
132,P,AKU,G3,SRJN,LL,PDG,LTW
133,P,AKU,G4,SRJN,PS,PNS,LTW
134,P,AKU,G2,SMTA,LL,LL,LTW
135,P,AKU,G2,SRJN,LL,PDG,LTW
136,P,AKU,G4,SRJN,PNS,PSN,LLW
137,P,AKU,G3,SRJN,LL,PS,LTW
138,L,AKU,G3,SRJN,GRD,GRD,LTW
139,L,AKU,G4,SMP,BPN,GRD,LTW
140,L,AKU,G3,SRJN,GRD,BPN,LLW
141,P,AKU,G4,SRJN,GRD,GRD,LTW
142,P,AKU,G4,SRJN,GRD,GRD,LLW
143,P,AKU,G5,SMTA,PNS,GRD,LTW
144,L,AKU,G4,SRJN,PS,GRD,LLW
145,L,AKU,G4,SRJN,PS,PS,LTW
146,P,AKU,G3,SRJN,GRD,PS,LTW
147,L,AKU,G3,SRJN,PSN,PSN,LLW
148,P,AKU,G4,SMTA,PDG,PDG,LTW
149,P,AKU,G4,SRJN,PDG,PDG,LTW
150,P,AKU,G3,SMTA,LL,PS,LTW
151,P,AKU,G2,SMP,BPN,BPN,LTW
152,P,AKU,G4,SRJN,GRD,LL,LTW
153,L,AKU,G4,SRJN,GRD,GRD,LTW
154,P,AKU,G2,LL,PDG,PDG,LTW
155,L,AKU,G3,SMTA,LL,PNS,LTW
156,P,AKU,G3,SRJN,GRD,GRD,LTW
157,P,AKU,G5,SRJN,GRD,GRD,LTW
158,L,AKU,G3,SRJN,LL,PDG,LLW
159,P,AKU,G4,SMTA,LL,PS,LLW
160,P,AKU,G4,SMTA,LL,PSN,LTW
161,L,AKU,G5,SRJN,GRD,GRD,LTW
162,P,AKU,G2,SD,LL,LL,LTW
163,P,AKU,G5,SRJN,GRD,PSN,LTW
164,P,AKU,G4,SD,LL,PDG,LTW
165,L,AKU,G4,SMTA,PSN,PNS,LLW
166,P,AKU,G3,SRJN,PDG,PDG,LTW
167,L,AKU,G4,SRJN,GRD,LL,LTW
168,L,AKU,G4,SRJN,GRD,GRD,LTW
169,P,AKU,G3,SMTA,GRD,LL,LLW
170,P,AKU,G3,SMTA,PDG,GRD,LTW
171,L,AKU,G3,SMP,PSN,PSN,LTW
172,L,AKU,G3,SRJN,PDG,ABRI,LTW
173,P,AKU,G6,SRJN,PNS,PNS,LTW
174,P,AKU,G5,SRJN,PNS,ABRI,LTW
175,L,AKU,G4,SRJN,GRD,GRD,LTW
176,P,AKU,G4,SMTA,LL,PS,LLW
177,L,AKU,G4,SRJN,LL,PSN,LTW
178,L,AKU,G4,SRJN,LL,GRD,LLW
179,P,AKU,G4,SMTA,PS,PNS,LTW
180,P,AKU,G5,SRJN,LL,LL,LTW
181,P,AKU,G4,SMTA,LL,PDG,LTW
182,L,AKU,G3,SMTA,LL,PNS,LTW
183,P,AKU,G3,SMTA,LL,BPN,LTW
184,P,AKU,G2,SD,LL,BPN,LC
185,L,AKU,G4,SMTA,LL,PDG,LTW
186,L,AKU,G3,SRJN,PSN,PSN,LTW
187,P,AKU,G3,SMTA,LL,PSN,LLW
188,P,AKU,G5,SRJN,PDG,PNS,LTW
189,P,AKU,G4,SMTA,LL,PS,LLW
190,P,AKU,G3,SMTA,PDG,LL,LTW
191,P,AKU,G2,SD,LL,BPN,LLW
192,P,AKU,G4,SD,BPN,BPN,LTW
193,P,AKU,G4,SMP,LL,PSN,LTW
194,L,AKU,G4,SMP,LL,PNS,LLW
195,L,AKU,G6,SRJN,PNS,PNS,LLW
196,L,AKU,G6,SRJN,GRD,GRD,LLW
197,L,AKU,G4,SRJN,GRD,PNS,LLW
198,L,AKU,G4,SMTA,PNS,PNS,LLW
199,L,AKU,G4,SRJN,PNS,GRD,LLW
200,L,AKU,G1,SRJN,GRD,PS,LLW
201,L,AKU,G2,SRJN,LL,LL,LLW
202,P,AKU,G2,SMTA,LL,PS,LTW
203,P,AKU,G2,SMTA,PNS,PNS,LTW
204,P,AKU,G3,LL,LL,PSN,LLW
205,L,AKU,G2,SD,PDG,PDG,LLW
206,L,AKU,G4,SRJN,GRD,GRD,LTW
207,P,AKU,G5,SRJN,LL,PNS,LTW
208,L,AKU,G4,SRJN,LL,PS,LTW
209,L,AKU,G3,SMP,LL,GRD,LTW
210,L,AKU,G4,SRJN,PS,GRD,LTW
211,L,AKU,G2,SMTA,LL,PDG,LLW
212,L,AKU,G3,SRJN,LL,PS,LTW
213,P,AKU,G3,SMP,PS,PS,LLW
214,P,AKU,G4,SRJN,PS,GRD,LTW
215,P,AKU,G2,SRJN,PDG,PS,LLW
216,L,AKU,G4,SRJN,GRD,GRD,LTW
217,L,AKU,G2,LL,LL,PDG,LLW
218,L,AKU,G6,SMTA,PDG,PS,LLW
219,P,AKU,G2,SMTA,LL,BPN,LTW
220,P,AKU,G1,SD,BPN,BPN,LTW
221,P,AKU,G4,SMP,LL,BPN,LTW
222,L,AKU,G5,SRJN,GRD,PNS,LTW
223,L,AKU,G4,SRJN,GRD,PNS,LTW
224,L,AKU,G7,SRJN,LL,LL,LTW
225,L,AKU,G4,SRJN,GRD,GRD,LLW
226,P,AKU,G3,SMTA,LL,PNS,LTW
227,L,AKU,G5,SMTA,LL,PNS,LLW
228,L,AKU,G2,SMTA,LL,PSN,LLW
229,P,AKU,G3,SMTA,PDG,PDG,LTW
230,L,AKU,G6,SRJN,GRD,PS,LTW
231,P,AKU,G5,SRJN,PNS,GRD,LLW
232,P,AKU,G4,SMTA,LL,GRD,LTW
233,L,AKU,G4,SMTA,LL,PS,LLW
234,P,AKU,G3,SRJN,PNS,PNS,LLW
235,L,AKU,G3,SMP,LL,PSN,LLW
236,P,AKU,G2,SMP,LL,LL,LLW
237,P,AKU,G4,SRJN,LL,PNS,LTW
238,P,AKU,G4,SRJN,PNS,PNS,LTW
239,L,AKU,G3,SD,LL,LL,LLW
240,L,AKU,G3,LL,GRD,PSN,LLW
241,L,AKU,G3,SMTA,PSN,PNS,LLW
242,L,AKU,G3,SMTA,PS,PDG,LLW
243,P,AKU,G3,SMP,LL,PDG,LTW
244,P,AKU,G4,SMP,PDG,PSN,LTW
245,P,AKU,G1,SMTA,LL,LL,LLW
246,L,AKU,G4,SMTA,PDG,GRD,LLW
247,P,AKU,G3,SRJN,PDG,PDG,LTW
248,P,AKU,G2,LL,LL,BPN,LTW
249,P,AKU,G4,SRJN,GRD,LL,LC
250,L,AKU,G4,SRJN,LL,PSN,LLW
251,P,AKU,G4,SRJN,GRD,PDG,LTW
252,L,AKU,G5,SRJN,PS,LL,LLW
253,L,AKU,G5,SRJN,GRD,GRD,LTW
254,P,AKU,G1,SMP,LL,BPN,LTW
255,L,AKU,G6,SRJN,LL,PDG,LLW
256,L,AKU,G3,SMP,PDG,PSN,LLW
257,P,AKU,G3,SMTA,LL,PS,LLW
258,P,AKU,G4,SRJN,LL,PS,LC
259,L,AKU,G4,SRJN,GRD,GRD,LLW
260,P,AKU,G3,SRJN,PSN,PSN,LTW
261,P,AKU,G4,SMP,PDG,PDG,LTW
262,P,AKU,G4,SMP,LL,LL,LTW
263,P,AKU,G4,SMP,PDG,GRD,LTW
264,P,AKU,G4,SRJN,GRD,PNS,LTW
265,P,AKU,G2,SMP,LL,BPN,LTW
266,L,AKU,G4,SMTA,LL,GRD,LLW
267,L,AKU,G2,SMTA,PDG,PDG,LTW
268,L,AKU,G5,SRJN,GRD,PSN,LTW
269,L,AKU,G2,SMTA,LL,BPN,LTW
270,L,AKU,G1,SMTA,LL,PSN,LTW
271,L,AKU,G4,SMTA,LL,PS,LTW
272,L,AKU,G7,SRJN,PDG,LL,LLW
273,L,AKU,G7,SRJN,GRD,PS,LTW
274,L,AKU,G5,SRJN,PNS,GRD,LLW
275,P,AKU,G5,SRJN,PNS,PNS,LLW
276,P,AKU,G7,SRJN,PS,PDG,LTW
277,L,AKU,G4,SMTA,PSN,PSN,LTW
278,L,AKU,G4,SMTA,PS,PSN,LLW
279,P,AKU,G2,SD,BPN,BPN,LTW
280,P,AKU,G6,LL,PNS,LL,LTW
281,P,AKU,G3,SRJN,LL,LL,LTW
282,P,AKU,G3,SMP,BPN,BPN,LTW
283,P,AKU,G5,SRJN,LL,GRD,LTW
284,P,AKU,G4,SMTA,LL,LL,LTW
285,P,AKU,G2,SMTA,PDG,PDG,LTW
286,P,AKU,G6,SRJN,LL,PNS,LTW
287,P,AKU,G4,SRJN,PS,ABRI,LTW
288,L,AKU,G3,SRJN,LL,PS,LTW
289,L,AKU,G3,SRJN,GRD,LL,LLW
290,L,AKU,G4,SRJN,LL,PS,LLW
291,P,AKU,G4,SMTA,PNS,PDG,LTW
292,L,AKU,G7,SRJN,PS,PS,LLW
293,P,AKU,G2,SMP,LL,PDG,LTW
294,P,AKU,G4,SRJN,GRD,PSN,LTW
295,P,AKU,G4,SMTA,LL,ABRI,LTW
296,P,AKU,G5,SRJN,LL,PNS,LTW
297,P,AKU,G2,SMTA,LL,PS,LTW
298,L,AKU,G4,SRJN,LL,PNS,LLW
299,L,AKU,G4,SRJN,LL,LL,LLW
300,L,AKU,G5,SRJN,PS,PS,LTW
301,P,AKU,G4,SRJN,GRD,LL,LTW
302,L,AKU,G5,SRJN,GRD,ABRI,LTW
303,P,AKU,G3,SMTA,PDG,PS,LTW
304,L,AKU,G2,SMTA,LL,PSN,LLW
305,P,AKU,G4,SRJN,GRD,PSN,LLW
306,P,AKU,G2,SMP,BPN,BPN,LLW
307,L,AKU,G4,SMTA,LL,PDG,LTW
308,L,AKU,G3,SMP,PDG,PSN,LLW
309,P,AKU,G4,SRJN,LL,GRD,LTW
310,L,AKU,G4,SMTA,LL,PS,LTW
311,L,AKU,G5,LL,LL,PS,LLW
312,P,AKU,G3,SMTA,LL,LL,LTW
313,L,AKU,G7,SMTA,LL,PNS,LLW
314,L,AKU,G1,SD,LL,LL,LTW
315,L,AKU,G3,SMTA,LL,PDG,LTW
316,L,AKU,G4,SRJN,GRD,PSN,LTW
317,P,AKU,G3,SMTA,LL,PDG,LTW
318,P,AKU,G5,SRJN,PDG,PS,LTW
319,P,AKU,G4,LL,PNS,PNS,LTW
320,L,AKU,G7,SRJN,PS,LL,LTW
321,P,AKU,G4,SMTA,PNS,PS,LTW
322,L,AKU,G2,SMP,LL,PDG,LTW
323,P,AKU,G2,LL,LL,PS,LTW
324,P,AKU,G2,SMP,LL,LL,LLW
325,L,AKU,G3,SRJN,PDG,PDG,LTW
326,P,AKU,G4,SRJN,LL,PS,LTW
327,L,AKU,G4,SRJN,PDG,GRD,LTW
328,P,AKU,G3,SMTA,LL,PS,LTW
329,P,AKU,G6,SMTA,PSN,PDG,LTW
330,P,AKU,G6,SRJN,LL,PS,LTW
331,P,AKU,G4,SRJN,GRD,GRD,LLW
332,L,AKU,G4,SRJN,LL,PNS,LC
333,L,AKU,G4,SRJN,GRD,BPN,LTW
334,L,AKU,G4,SRJN,PS,PNS,LTW
335,P,AKU,G4,SRJN,PSN,PSN,LTW
336,P,AKU,G3,SMP,LL,PS,LLW
337,L,AKU,G7,SMTA,LL,PS,LTW
338,L,AKU,G3,SRJN,LL,PSN,LTW
339,L,AKU,G4,SRJN,PDG,PDG,LLW
340,P,AKU,G5,SMTA,LL,PS,LTW
341,P,AKU,G4,SRJN,GRD,PNS,LTW
342,P,AKU,G5,SRJN,PNS,PNS,LLW
343,P,AKU,G4,SRJN,GRD,PS,LTW
344,P,AKU,G7,SRJN,PS,PS,LTW
345,L,AKU,G4,SMP,PDG,LL,LTW
346,P,AKU,G1,SD,LL,LL,LTW
347,P,AKU,G3,SMTA,LL,PDG,LLW
348,P,AKU,G4,SRJN,PDG,LL,LLW
349,P,AKU,G1,SMTA,LL,PDG,LTW
350,P,AKU,G3,SMTA,LL,PS,LTW
351,L,AKU,G4,SRJN,LL,PDG,LLW
352,L,AKU,G1,SMTA,LL,LL,LLW
353,P,AKU,G4,SRJN,GRD,LL,LTW
354,P,AKU,G2,SD,LL,BPN,LTW
355,L,AKU,G5,SRJN,GRD,PS,LTW
356,P,EKO,G3,SMTA,PSN,PSN,LLW
357,P,EKO,G2,SMTA,PDG,PDG,LLW
358,P,EKO,G3,SMTA,GRD,GRD,LTW
359,P,EKO,G2,SMP,LL,PS,LTW
360,P,EKO,G5,SRJN,LL,LL,LLW
361,P,EKO,G1,SMP,PDG,PDG,LTW
362,P,EKO,G3,SMTA,LL,PNS,LTW
363,P,EKO,G2,SMTA,LL,PDG,LTW
364,P,EKO,G4,SMTA,LL,GRD,LTW
365,P,EKO,G5,SRJN,PDG,PS,LLW
366,L,EKO,G3,SRJN,GRD,GRD,LTW
367,L,EKO,G1,SMP,LL,BPN,LLW
368,L,EKO,G3,SRJN,GRD,GRD,LLW
369,P,EKO,G3,SMTA,LL,PS,LTW
370,P,EKO,G3,SRJN,PNS,PDG,LLW
371,P,EKO,G4,SRJN,GRD,GRD,LTW
372,L,EKO,G1,SMTA,PDG,PDG,LLW
373,L,EKO,G3,SMTA,BPN,PS,LTW
374,P,EKO,G3,SMTA,PDG,PS,LTW
375,P,EKO,G3,SMTA,LL,GRD,LTW
376,L,EKO,G3,SMTA,LL,PNS,LC
377,L,EKO,G3,SMTA,LL,PS,LTW
378,L,EKO,G1,SD,LL,PDG,LLW
379,P,EKO,G3,SMTA,LL,PNS,LTW
380,P,EKO,G3,SMTA,PDG,PSN,LLW
381,L,EKO,G3,SMTA,PSN,LL,LTW
382,P,EKO,G4,SMTA,LL,PSN,LLW
383,P,EKO,G3,SMTA,LL,PDG,LLW
384,P,EKO,G4,SRJN,GRD,PDG,LLW
385,P,EKO,G3,SRJN,LL,LL,LLW
386,P,EKO,G3,SMTA,GRD,PNS,LLW
387,P,EKO,G3,SD,PDG,PDG,LTW
388,P,EKO,G4,SRJN,PDG,PNS,LLW
389,L,EKO,G3,SRJN,GRD,PNS,LLW
390,L,EKO,G2,SD,BPN,PDG,LLW
391,L,EKO,G2,SD,PDG,PDG,LLW
392,L,EKO,G3,SRJN,GRD,GRD,LLW
393,P,EKO,G2,SMTA,PDG,PDG,LTW
394,L,EKO,G2,LL,BPN,BPN,LLW
395,L,EKO,G2,SMP,PDG,LL,LLW
396,P,EKO,G4,SRJN,LL,PNS,LLW
397,L,EKO,G2,LL,LL,BPN,LLW
398,P,EKO,G1,LL,BPN,BPN,LLW
399,P,EKO,G3,SMP,LL,PNS,LTW
400,P,EKO,G3,SRJN,GRD,GRD,LLW
401,P,EKO,G3,SMP,PDG,PDG,LTW
402,L,EKO,G2,SMTA,LL,PSN,LLW
403,P,EKO,G4,SRJN,PDG,GRD,LTW
404,L,EKO,G3,SD,LL,PDG,LLW
405,P,EKO,G3,SD,LL,PDG,LLW
406,P,EKO,G4,SMTA,LL,PNS,LLW
407,P,EKO,G2,SMP,PDG,PDG,LLW
408,L,EKO,G2,SMTA,PDG,LL,LLW
409,P,EKO,G3,SD,PDG,PSN,LLW
410,L,EKO,G3,SMTA,LL,PNS,LLW
411,L,EKO,G2,SMP,PDG,PDG,LTW
412,P,EKO,G4,SRJN,PS,PS,LTW
413,L,EKO,G4,SRJN,GRD,PNS,LLW
414,P,EKO,G3,SRJN,PNS,GRD,LLW
415,P,EKO,G3,SMTA,PSN,PSN,LLW
416,L,EKO,G2,SMTA,PDG,PDG,LLW
417,L,EKO,G2,SMP,PDG,PDG,LLW
418,L,EKO,G3,SMTA,LL,PSN,LLW
419,L,EKO,G4,SRJN,GRD,PSN,LLW
420,L,EKO,G3,SD,LL,PDG,LLW
421,P,EKO,G3,SMTA,PDG,PDG,LTW
422,P,EKO,G2,SRJN,LL,PDG,LLW
423,P,EKO,G2,SMTA,LL,PS,LTW
424,P,EKO,G4,SD,PDG,PDG,LLW
425,L,EKO,G3,SRJN,GRD,GRD,LLW
426,L,EKO,G5,SRJN,GRD,ABRI,LLW
427,L,EKO,G7,SMTA,PNS,PS,LLW
428,L,EKO,G4,SRJN,PNS,GRD,LLW
429,L,EKO,G3,SMTA,LL,PSN,LLW
430,L,EKO,G5,SMTA,PS,PNS,LLW
431,L,EKO,G3,SMTA,PSN,PSN,LLW
432,P,EKO,G4,SRJN,PS,PNS,LTW
433,L,EKO,G3,SMTA,LL,PS,LLW
434,L,EKO,G3,SMTA,PNS,PNS,LLW
435,P,EKO,G3,SMTA,LL,PDG,LTW
436,L,EKO,G2,SMTA,LL,PS,LLW
437,P,EKO,G3,SMTA,PDG,GRD,LLW
438,L,EKO,G4,LL,LL,PS,LLW
439,L,EKO,G2,SMTA,LL,PS,LTW
440,L,EKO,G2,SMTA,LL,PDG,LLW
441,L,EKO,G5,SRJN,PDG,PS,LTW
442,P,EKO,G2,SMTA,PS,LL,LTW
443,P,EKO,G4,SMTA,PDG,PDG,LLW
444,L,EKO,G4,SRJN,PNS,PS,LTW
445,L,EKO,G2,SMTA,LL,PDG,LTW
446,P,EKO,G4,SRJN,PNS,PNS,LTW
447,P,EKO,G4,SMTA,LL,PS,LLW
448,P,EKO,G4,SRJN,GRD,GRD,LLW
449,P,EKO,G2,SRJN,PNS,PNS,LTW
450,P,EKO,G2,SMP,LL,PSN,LTW
451,L,EKO,G2,SMTA,PDG,PDG,LLW
452,P,EKO,G2,SMTA,PS,PS,LLW
453,L,EKO,G4,SRJN,GRD,GRD,LTW
454,P,EKO,G4,SMTA,LL,PNS,LTW
455,P,EKO,G3,SRJN,GRD,GRD,LTW
456,L,EKO,G3,SD,PDG,PDG,LTW
457,P,EKO,G3,SRJN,LL,PS,LTW
458,L,EKO,G2,SRJN,GRD,PDG,LTW
459,L,EKO,G4,SMTA,LL,PNS,LLW
460,P,EKO,G3,SRJN,PS,PDG,LTW
461,L,EKO,G4,SRJN,GRD,PDG,LTW
462,L,EKO,G2,SMP,BPN,BPN,LTW
463,L,EKO,G3,SRJN,GRD,GRD,LLW
464,L,EKO,G4,SMTA,LL,PS,LLW
465,L,EKO,G2,SMP,LL,BPN,LTW
466,L,EKO,G4,SRJN,LL,PNS,LLW
467,L,EKO,G3,SMTA,PNS,PNS,LLW
468,P,EKO,G3,SRJN,PNS,GRD,LLW
469,P,EKO,G2,SMP,LL,PDG,LTW
470,P,EKO,G3,SRJN,LL,PS,LTW
471,L,EKO,G3,SMTA,LL,PSN,LTW
472,P,EKO,G4,SRJN,LL,PS,LLW
473,P,EKO,G2,SD,BPN,BPN,LTW
474,P,EKO,G1,SMP,BPN,BPN,LTW
475,L,EKO,G4,SRJN,GRD,PSN,LTW
476,L,EKO,G3,SMTA,PDG,PDG,LLW
477,P,EKO,G5,SRJN,GRD,GRD,LLW
478,L,EKO,G4,SMTA,LL,PNS,LTW
479,L,EKO,G5,SRJN,PDG,PNS,LLW
480,P,EKO,G4,SMTA,PDG,GRD,LTW
481,L,EKO,G4,SD,PDG,PDG,LTW
482,P,EKO,G1,SD,BPN,BPN,LLW
483,P,EKO,G5,SMTA,LL,PNS,LTW
484,L,EKO,G3,SMTA,LL,PSN,LLW
485,L,EKO,G4,SRJN,GRD,GRD,LLW
486,L,EKO,G4,SRJN,LL,LL,LLW
487,P,EKO,G3,SRJN,GRD,GRD,LLW
488,P,EKO,G3,SMTA,LL,PSN,LTW
489,P,EKO,G3,SMTA,PDG,PDG,LLW
490,L,EKO,G4,SMP,PDG,PNS,LLW
491,P,EKO,G4,SMTA,PDG,PDG,LLW
492,P,EKO,G1,SMTA,PSN,PSN,LLW
493,P,EKO,G2,SRJN,LL,PS,LLW
494,L,EKO,G5,SRJN,LL,PNS,LLW
495,P,EKO,G3,SRJN,GRD,PSN,LTW
496,P,EKO,G3,SMP,LL,PSN,LTW
497,L,EKO,G3,SD,LL,PDG,LLW
498,P,EKO,G2,SMTA,LL,PSN,LTW
499,P,EKO,G2,SRJN,LL,PS,LTW
500,L,EKO,G3,SMTA,LL,ABRI,LTW
501,P,EKO,G2,SMP,BPN,BPN,LTW
502,P,EKO,G4,SRJN,LL,GRD,LLW
503,P,EKO,G4,SRJN,GRD,GRD,LTW
504,L,EKO,G3,SRJN,LL,LL,LLW
505,L,EKO,G4,SRJN,PNS,PNS,LTW
506,L,EKO,G7,SRJN,PNS,PNS,LTW
507,L,EKO,G3,SRJN,PDG,PDG,LTW
508,L,EKO,G2,SMTA,LL,PDG,LLW
509,P,EKO,G4,SRJN,GRD,LL,LTW
510,P,EKO,G2,SRJN,PSN,PDG,LTW
511,P,EKO,G5,SRJN,GRD,PDG,LTW
512,L,EKO,G6,SMP,BPN,BPN,LTW
513,P,EKO,G3,SMTA,PSN,PSN,LTW
514,L,EKO,G3,SMTA,LL,PSN,LTW
515,P,EKO,G5,SMTA,PS,PS,LLW
516,P,EKO,G3,SMTA,PSN,LL,LTW
517,P,EKO,G2,SMTA,BPN,PS,LTW
518,P,EKO,G4,SMTA,PNS,PNS,LLW
519,P,EKO,G3,SMTA,LL,PS,LTW
520,L,EKO,G3,SRJN,PNS,PSN,LTW
521,L,EKO,G7,SRJN,LL,PS,LLW
522,L,EKO,G3,SRJN,LL,PSN,LLW
523,L,EKO,G3,SMTA,LL,PDG,LTW
524,P,EKO,G3,SMTA,LL,PS,LTW
525,P,EKO,G2,SRJN,LL,LL,LTW
526,L,EKO,G3,SMTA,BPN,BPN,LTW
527,P,EKO,G2,SMTA,LL,PSN,LTW
528,P,EKO,G3,SMTA,LL,PDG,LTW
529,L,EKO,G3,SRJN,LL,PS,LTW
530,P,EKO,G4,SRJN,GRD,PS,LTW
531,P,EKO,G5,SRJN,PDG,PDG,LTW
532,L,EKO,G5,SRJN,PNS,PNS,LLW
533,P,EKO,G4,SRJN,GRD,PNS,LTW
534,P,EKO,G4,SRJN,PNS,PS,LTW
535,L,EKO,G4,SMTA,LL,PDG,LTW
536,L,EKO,G4,SRJN,GRD,PSN,LTW
537,L,EKO,G4,SRJN,LL,PDG,LLW
538,P,EKO,G4,SRJN,GRD,GRD,LTW
539,P,EKO,G5,SRJN,ABRI,PDG,LTW
540,L,EKO,G4,SMTA,PS,PS,LTW
541,L,EKO,G4,SRJN,GRD,PSN,LTW
542,L,EKO,G4,SMTA,LL,PDG,LTW
543,P,EKO,G3,SD,PDG,PDG,LTW
544,L,EKO,G4,SRJN,GRD,PDG,LTW
545,P,EKO,G2,SD,LL,PDG,LTW
546,P,EKO,G4,SMTA,LL,PS,LTW
547,P,EKO,G3,SRJN,LL,PS,LTW
548,P,EKO,G1,LL,LL,LL,LTW
549,L,EKO,G2,SD,LL,PDG,LTW
550,L,EKO,G4,SRJN,LL,GRD,LTW
551,P,EKO,G3,SRJN,GRD,PSN,LLW
552,L,EKO,G1,SD,LL,BPN,LLW
553,P,EKO,G4,SRJN,LL,PDG,LTW
554,L,EKO,G3,SRJN,GRD,PSN,LTW
555,P,EKO,G4,SRJN,PNS,PNS,LTW
556,P,EKO,G3,SMTA,PNS,PNS,LTW
557,P,EKO,G4,SRJN,LL,PS,LTW
558,L,EKO,G4,SRJN,LL,PNS,LLW
559,L,EKO,G2,SRJN,PDG,LL,LLW
560,P,EKO,G4,SMTA,LL,PDG,LTW
561,P,EKO,G3,SMTA,LL,PSN,LLW
562,P,EKO,G4,SRJN,GRD,PNS,LC
563,P,EKO,G3,SMTA,LL,PDG,LTW
564,P,EKO,G3,SMP,PS,PS,LC
565,P,EKO,G3,SMTA,LL,PDG,LTW
566,P,EKO,G5,SRJN,GRD,PS,LTW
567,L,EKO,G4,SMTA,LL,PNS,LLW
568,L,EKO,G4,SMTA,LL,GRD,LTW
569,P,EKO,G4,SMTA,PS,PDG,LTW
570,L,EKO,G7,SRJN,PDG,LL,LLW
571,P,EKO,G6,SRJN,LL,PS,LTW
572,L,EKO,G5,SMTA,LL,LL,LTW
573,P,EKO,G3,SMTA,LL,PS,LTW
574,P,EKO,G4,SRJN,GRD,PSN,LTW
575,P,EKO,G3,SRJN,GRD,GRD,LTW
576,P,EKO,G4,SRJN,GRD,PSN,LTW
577,L,EKO,G4,SRJN,LL,LL,LLW
578,P,EKO,G3,SMTA,PDG,PDG,LLW
579,L,EKO,G4,SMTA,LL,PNS,LTW
580,L,EKO,G2,SD,BPN,BPN,LLW
581,L,EKO,G2,SMP,LL,PSN,LTW
582,P,EKO,G4,SMP,LL,PS,LTW
583,L,EKO,G4,SRJN,LL,PNS,LTW
584,P,EKO,G3,SMTA,PDG,LL,LTW
585,P,EKO,G4,SMTA,PS,PS,LLW
586,L,EKO,G4,SMTA,PDG,PS,LTW
587,P,EKO,G6,SRJN,PS,PS,LTW
588,L,EKO,G4,SRJN,LL,GRD,LTW
589,L,EKO,G4,SMTA,LL,PSN,LLW
590,P,EKO,G3,SMTA,PDG,PNS,LTW
591,P,EKO,G3,LL,LL,PDG,LTW
592,P,EKO,G3,SMTA,PDG,BPN,LTW
593,P,EKO,G3,SD,LL,BPN,LTW
594,P,EKO,G4,SRJN,PS,PS,LC
595,P,EKO,G4,SRJN,LL,PS,LTW
596,L,EKO,G4,SMTA,PDG,GRD,LTW
597,L,EKO,G2,SMTA,LL,PS,LTW
598,L,EKO,G2,SMTA,LL,BPN,LTW
599,L,EKO,G4,SD,LL,GRD,LC
600,P,EKO,G4,SRJN,LL,GRD,LLW
601,P,EKO,G4,SMTA,LL,PNS,LTW
602,P,EKO,G2,SMTA,LL,PS,LTW
603,L,EKO,G6,SRJN,GRD,PNS,LLW
604,L,EKO,G3,SMTA,PDG,GRD,LLW
605,P,EKO,G5,SRJN,GRD,PSN,LTW
606,L,EKO,G2,SRJN,LL,PDG,LLW
607,L,EKO,G6,SRJN,GRD,GRD,LLW
608,L,EKO,G4,SMTA,PNS,GRD,LTW
609,P,EKO,G4,SMP,LL,PS,LTW
610,L,EKO,G4,SMTA,LL,LL,LLW
611,L,EKO,G3,SRJN,PS,PDG,LLW
612,L,EKO,G4,SRJN,PSN,PSN,LLW
613,P,EKO,G4,SRJN,LL,ABRI,LTW
614,L,EKO,G4,SRJN,GRD,GRD,LLW
615,L,EKO,G6,SRJN,PNS,PNS,LC
616,P,EKO,G4,SMTA,PDG,PDG,LTW
617,L,EKO,G4,SRJN,GRD,PS,LLW
618,L,EKO,G3,SRJN,GRD,GRD,LLW
619,P,EKO,G4,SRJN,PNS,PSN,LTW
620,P,EKO,G5,SRJN,GRD,GRD,LTW
621,L,EKO,G6,SRJN,GRD,PS,LLW
622,L,EKO,G2,SMTA,PS,PS,LLW
623,P,EKO,G6,SRJN,PNS,PS,LLW
624,L,EKO,G2,SMTA,LL,PDG,LTW
625,P,EKO,G3,SMTA,LL,PDG,LTW
626,L,EKO,G7,SRJN,GRD,PS,LLW
627,P,EKO,G3,SMTA,LL,PS,LLW
628,P,EKO,G4,SMTA,LL,PNS,LTW
629,P,EKO,G4,SMTA,LL,GRD,LLW
630,L,EKO,G4,SRJN,PNS,PNS,LLW
631,P,EKO,G4,SRJN,GRD,PSN,LTW
632,P,EKO,G5,SMTA,PDG,PDG,LLW
633,L,EKO,G3,SRJN,GRD,PSN,LTW
634,L,EKO,G4,SMTA,PNS,PNS,LLW
635,P,EKO,G4,SRJN,GRD,LL,LLW
636,L,EKO,G4,SRJN,GRD,GRD,LTW
637,L,EKO,G2,SRJN,PDG,PDG,LLW
638,P,EKO,G5,SMTA,LL,PNS,LTW
639,P,EKO,G3,SMTA,GRD,PDG,LTW
640,P,EKO,G7,SRJN,GRD,GRD,LTW
641,L,EKO,G4,SRJN,GRD,PNS,LLW
642,P,EKO,G4,SRJN,LL,LL,LTW
643,P,EKO,G2,SMTA,LL,PSN,LTW
644,P,EKO,G4,SMTA,LL,PS,LTW
645,P,EKO,G6,SRJN,LL,PS,LC
646,P,EKO,G3,SRJN,LL,PS,LTW
647,L,EKO,G4,SMTA,LL,PSN,LLW
648,P,EKO,G4,SMTA,LL,PNS,LTW
649,L,EKO,G2,SD,LL,PDG,LLW
650,P,EKO,G2,SMTA,PDG,PSN,LC
651,P,EKO,G4,SMTA,LL,PS,LLW
652,P,EKO,G5,SMTA,LL,PNS,LTW
653,P,EKO,G7,SMTA,LL,PNS,LTW
654,P,EKO,G1,LL,BPN,PDG,LTW
655,L,EKO,G2,SRJN,PS,PS,LLW
656,L,EKO,G4,SMTA,LL,PNS,LTW
657,P,EKO,G2,SD,PDG,BPN,LTW
658,P,EKO,G3,SMTA,LL,PSN,LLW
659,L,EKO,G4,SD,PDG,PDG,LLW
660,L,EKO,G3,SMP,PDG,PDG,LTW
661,P,EKO,G4,SRJN,LL,GRD,LTW
662,P,EKO,G4,SMTA,LL,ABRI,LLW
663,L,EKO,G4,SMTA,LL,PDG,LTW
664,P,EKO,G4,SMTA,PDG,PNS,LTW
665,P,EKO,G3,SMTA,LL,PS,LTW
666,P,EKO,G2,LL,LL,BPN,LTW
667,P,EKO,G7,SRJN,LL,PDG,LTW
668,P,EKO,G2,SMTA,LL,LL,LTW
669,P,EKO,G3,SMTA,PDG,PDG,LTW
670,P,EKO,G3,SD,PDG,PDG,LTW
671,P,EKO,G3,SMTA,GRD,PDG,LTW
672,P,EKO,G3,SMTA,LL,PDG,LTW
673,L,EKO,G3,SRJN,LL,PSN,LTW
674,L,EKO,G4,SRJN,PNS,PNS,LTW
675,P,EKO,G4,SRJN,GRD,PNS,LTW
676,P,EKO,G3,SMTA,LL,PS,LC
677,P,EKO,G2,SD,LL,PS,LTW
678,P,EKO,G2,SMTA,LL,PDG,LLW
679,P,EKO,G4,SRJN,GRD,LL,LTW
680,P,EKO,G2,SRJN,GRD,GRD,LLW
681,P,EKO,G3,SD,LL,PDG,LTW
682,P,EKO,G4,SRJN,GRD,GRD,LTW
683,L,EKO,G2,SMTA,BPN,BPN,LTW
684,P,EKO,G2,LL,PDG,BPN,LTW
685,P,EKO,G4,SRJN,PDG,PNS,LTW
686,P,EKO,G3,SMP,LL,PS,LTW
687,P,EKO,G2,LL,PDG,BPN,LTW
688,L,EKO,G7,SMTA,LL,PS,LTW
689,L,EKO,G4,SRJN,GRD,PDG,LLW
690,L,EKO,G4,SD,LL,PDG,LLW
691,P,EKO,G4,SRJN,GRD,PS,LC
692,P,EKO,G4,SMTA,LL,PSN,LC
693,P,EKO,G2,SRJN,LL,BPN,LTW
694,P,EKO,G4,SRJN,PNS,PS,LC
695,P,EKO,G3,SD,BPN,PDG,LC
696,P,EKO,G4,LL,PNS,BPN,LC
697,P,EKO,G4,SRJN,GRD,PNS,LC
698,P,EKO,G4,SMTA,LL,PNS,LC
699,L,KOM,G3,SMP,LL,PS,LLW
700,P,KOM,G5,SMTA,LL,PS,LLW
701,L,KOM,G3,SMTA,LL,PSN,LLW
702,P,KOM,G4,SMTA,PDG,PDG,LLW
703,P,KOM,G1,SMTA,PDG,PDG,LLW
704,P,KOM,G3,SMTA,PDG,PSN,LLW
705,P,KOM,G4,SRJN,GRD,ABRI,LLW
706,P,KOM,G1,SRJN,PDG,PDG,LLW
707,P,KOM,G3,SRJN,LL,PDG,LLW
708,L,KOM,G3,SMTA,PS,LL,LLW
709,P,KOM,G3,SMTA,PDG,ABRI,LLW
710,P,KOM,G2,SRJN,GRD,GRD,LLW
711,P,KOM,G3,SRJN,GRD,PNS,LLW
712,P,KOM,G4,SRJN,PS,PNS,LLW
713,P,KOM,G4,SRJN,ABRI,LL,LLW
714,L,KOM,G2,SRJN,GRD,LL,LLW
715,P,KOM,G3,SMTA,PNS,PNS,LLW
716,P,KOM,G3,SMP,GRD,PNS,LLW
717,L,KOM,G4,SRJN,LL,GRD,LLW
718,L,KOM,G2,SD,LL,PDG,LLW
719,P,KOM,G4,SRJN,PNS,PNS,LLW
720,P,KOM,G2,SMP,LL,PDG,LLW
721,L,KOM,G3,SMP,LL,PDG,LLW
722,L,KOM,G3,SMTA,LL,PDG,LLW
723,L,KOM,G2,SD,LL,BPN,LLW
724,L,KOM,G2,SMTA,LL,PSN,LLW
725,L,KOM,G3,SRJN,GRD,PDG,LLW
726,L,KOM,G3,SRJN,GRD,PNS,LLW
727,P,KOM,G3,SMTA,PNS,GRD,LLW
728,P,KOM,G3,SRJN,GRD,GRD,LLW
729,P,KOM,G3,SMTA,PDG,PDG,LLW
730,P,KOM,G1,SMP,PDG,LL,LLW
731,P,KOM,G3,SD,LL,PDG,LLW
732,P,KOM,G2,SMTA,LL,PSN,LLW
733,P,KOM,G3,SMP,PDG,PDG,LLW
734,L,KOM,G4,SRJN,LL,GRD,LLW
735,L,KOM,G3,SMTA,LL,PNS,LLW
736,L,KOM,G1,SRJN,LL,PS,LLW
737,P,KOM,G3,SRJN,GRD,GRD,LLW
738,L,KOM,G3,SRJN,GRD,PS,LLW
739,P,KOM,G1,SMTA,BPN,BPN,LLW
740,L,KOM,G3,SMTA,LL,GRD,LLW
741,L,KOM,G3,SMTA,LL,LL,LLW
742,L,KOM,G2,SRJN,LL,PS,LLW
743,P,KOM,G3,SMP,PDG,PDG,LLW
744,P,KOM,G2,SD,LL,PS,LLW
745,P,KOM,G4,SRJN,PDG,PNS,LLW
746,P,KOM,G2,SMTA,PDG,LL,LLW
747,P,KOM,G2,LL,LL,PS,LLW
748,P,KOM,G3,SMTA,LL,PDG,LTW
749,L,KOM,G1,SRJN,PDG,BPN,LLW
750,P,KOM,G4,SRJN,GRD,PS,LLW
751,L,KOM,G4,SD,PDG,PNS,LLW
752,P,KOM,G2,SMP,LL,PS,LLW
753,P,KOM,G3,SMTA,LL,PNS,LLW
754,P,KOM,G3,SMTA,LL,BPN,LLW
755,L,KOM,G7,SRJN,LL,PDG,LLW
756,L,KOM,G4,SMTA,LL,PSN,LLW
757,P,KOM,G5,SMTA,PDG,PDG,LLW
758,P,KOM,G4,SMTA,PDG,PDG,LLW
759,L,KOM,G5,SMTA,LL,PS,LLW
760,P,KOM,G4,SRJN,PNS,LL,LLW
761,P,KOM,G4,SMTA,LL,PSN,LLW
762,L,KOM,G3,SMTA,LL,PSN,LLW
763,P,KOM,G5,SRJN,PNS,PNS,LLW
764,L,KOM,G3,SRJN,PS,PSN,LLW
765,P,KOM,G4,SMTA,LL,PNS,LLW
766,P,KOM,G3,SRJN,LL,PS,LLW
767,L,KOM,G5,SMTA,LL,PNS,LLW
768,P,KOM,G3,SMTA,LL,LL,LLW
769,L,KOM,G4,SRJN,GRD,GRD,LLW
770,L,KOM,G4,SRJN,LL,PS,LLW
771,P,KOM,G4,SRJN,PNS,PDG,LTW
772,P,KOM,G4,SMTA,LL,PS,LLW
773,P,KOM,G7,SRJN,PNS,PNS,LLW
774,L,KOM,G4,SMTA,PDG,PNS,LLW
775,P,KOM,G3,SRJN,PNS,PNS,LTW
776,P,KOM,G3,SMTA,LL,PNS,LTW
777,P,KOM,G4,SRJN,PNS,GRD,LLW
778,P,KOM,G5,SRJN,GRD,PDG,LLW
779,P,KOM,G2,SMTA,PDG,PDG,LTW
780,L,KOM,G2,SMTA,GRD,PDG,LLW
781,P,KOM,G3,SMTA,LL,PSN,LLW
782,L,KOM,G3,SMTA,LL,PNS,LLW
783,L,KOM,G5,SRJN,GRD,PNS,LLW
784,L,KOM,G3,SMTA,PDG,PDG,LLW
785,L,KOM,G4,SMTA,PNS,PNS,LLW
786,L,KOM,G2,SRJN,GRD,PS,LLW
787,P,KOM,G2,SRJN,PDG,PDG,LLW
788,P,KOM,G3,SD,LL,PDG,LLW
789,L,KOM,G6,SRJN,LL,LL,LLW
790,P,KOM,G3,SMP,LL,PSN,LLW
791,P,KOM,G4,SRJN,PNS,PNS,LLW
792,L,KOM,G2,SMTA,GRD,BPN,LLW
793,P,KOM,G5,SRJN,PNS,PDG,LLW
794,P,KOM,G3,SMP,PDG,PDG,LLW
795,L,KOM,G2,SD,LL,LL,LLW
796,P,KOM,G5,SRJN,GRD,PDG,LLW
797,L,KOM,G3,SMTA,LL,PNS,LLW
798,L,KOM,G4,SRJN,GRD,LL,LLW
799,L,KOM,G3,SMTA,LL,PSN,LLW
800,L,KOM,G2,SMP,LL,PNS,LLW
801,P,KOM,G4,SRJN,PNS,PDG,LLW
802,P,KOM,G4,SRJN,GRD,PNS,LTW
803,P,KOM,G2,SMTA,PS,PDG,LLW
804,P,KOM,G6,SMTA,LL,PDG,LTW
805,P,KOM,G4,SMTA,LL,PDG,LLW
806,L,KOM,G3,LL,PSN,PDG,LLW
807,L,KOM,G7,SMTA,PDG,PDG,LLW
808,P,KOM,G2,SMTA,PS,LL,LLW
809,P,KOM,G4,SRJN,PDG,PS,LLW
810,L,KOM,G2,SRJN,GRD,GRD,LLW
811,P,KOM,G4,SRJN,LL,PS,LLW
812,L,KOM,G5,SMTA,LL,PS,LLW
813,L,KOM,G5,SRJN,GRD,LL,LLW
814,P,KOM,G6,SRJN,PDG,PS,LLW
815,L,KOM,G5,SRJN,PDG,PNS,LLW
816,L,KOM,G4,SRJN,GRD,GRD,LLW
817,P,KOM,G3,SRJN,GRD,GRD,LTW
818,P,KOM,G4,SRJN,GRD,GRD,LLW
819,L,KOM,G3,SMP,PDG,PDG,LLW
820,P,KOM,G7,SRJN,PS,PS,LLW
821,L,KOM,G5,SRJN,GRD,PDG,LLW
822,L,KOM,G4,SMTA,PDG,GRD,LLW
823,P,KOM,G4,SMTA,LL,PDG,LTW
824,P,KOM,G1,SD,PDG,GRD,LTW
825,P,KOM,G4,SMTA,LL,PNS,LLW
826,P,KOM,G2,SMP,LL,PDG,LLW
827,P,KOM,G4,SMTA,LL,PS,LLW
828,L,KOM,G3,SRJN,LL,PNS,LTW
829,P,KOM,G2,SRJN,PDG,BPN,LLW
830,P,KOM,G3,SRJN,GRD,PDG,LLW
831,L,KOM,G7,SRJN,LL,PS,LLW
832,L,KOM,G7,SRJN,GRD,PS,LLW
833,P,KOM,G3,SMTA,PSN,PS,LLW
834,P,KOM,G3,SMTA,LL,PSN,LLW
835,P,KOM,G3,SRJN,PDG,PDG,LTW
836,L,KOM,G2,SD,BPN,BPN,LLW
837,P,KOM,G3,SRJN,PSN,LL,LLW
838,P,KOM,G4,SMTA,LL,PDG,LLW
839,L,KOM,G4,SRJN,GRD,GRD,LLW
840,P,KOM,G4,SRJN,LL,PNS,LLW
841,P,KOM,G3,SRJN,PNS,GRD,LLW
842,P,KOM,G4,SMTA,PDG,GRD,LLW
843,L,KOM,G4,SMTA,PSN,PSN,LTW
844,L,KOM,G2,SMTA,PDG,BPN,LLW
845,P,KOM,G3,SMTA,LL,PS,LLW
846,L,KOM,G4,SRJN,LL,LL,LTW
847,L,KOM,G5,SMP,LL,PDG,LTW
848,P,KOM,G4,SMP,PDG,PDG,LLW
849,P,KOM,G4,SRJN,GRD,GRD,LLW
850,L,KOM,G3,SMP,PDG,PDG,LLW
851,P,KOM,G3,SMTA,GRD,PDG,LTW
852,L,KOM,G2,SMTA,LL,BPN,LLW
853,P,KOM,G4,SMP,PDG,PDG,LLW
854,P,KOM,G6,SD,LL,BPN,LLW
855,P,KOM,G3,SRJN,LL,PS,LLW
856,L,KOM,G5,SMTA,PS,PS,LLW
857,L,KOM,G3,SMTA,LL,PSN,LTW
858,L,KOM,G4,SMTA,PDG,PDG,LLW
859,P,KOM,G3,SRJN,PSN,PSN,LLW
860,L,KOM,G4,SRJN,GRD,PNS,LLW
861,L,KOM,G3,SRJN,LL,PDG,LLW
862,P,KOM,G3,SMTA,PNS,PS,LTW
863,P,KOM,G3,SMP,PDG,PDG,LLW
864,P,KOM,G2,SD,BPN,BPN,LLW
865,L,KOM,G4,SRJN,PDG,GRD,LLW
866,P,KOM,G6,SRJN,LL,LL,LLW
867,P,KOM,G2,SMTA,LL,PDG,LLW
868,P,KOM,G4,SRJN,LL,PNS,LLW
869,P,KOM,G3,SMTA,LL,PS,LTW
870,P,KOM,G2,SD,LL,LL,LLW
871,L,KOM,G3,SMTA,PDG,PDG,LLW
872,L,KOM,G3,SMTA,PDG,PDG,LTW
873,L,KOM,G4,SRJN,LL,PS,LLW
874,L,KOM,G3,SRJN,GRD,PNS,LLW
875,P,KOM,G4,SRJN,GRD,GRD,LLW
876,P,KOM,G4,SD,LL,PDG,LTW
877,P,KOM,G3,SRJN,PNS,PS,LLW
878,P,KOM,G7,SRJN,PS,PNS,LLW
879,P,KOM,G2,SRJN,PNS,PDG,LLW
880,P,KOM,G3,SD,PDG,PSN,LLW
881,P,KOM,G2,SD,LL,BPN,LLW
882,P,KOM,G3,SRJN,PNS,BPN,LLW
883,P,KOM,G4,SRJN,GRD,GRD,LLW
884,P,KOM,G5,SMP,PDG,PDG,LLW
885,P,KOM,G3,SMTA,LL,PS,LTW
886,P,KOM,G5,SRJN,LL,PNS,LLW
887,P,KOM,G3,SRJN,PS,PNS,LLW
888,L,KOM,G4,SRJN,GRD,PSN,LLW
889,L,KOM,G3,SRJN,LL,LL,LLW
890,P,KOM,G5,SMP,LL,PDG,LLW
891,P,KOM,G4,SRJN,GRD,GRD,LLW
892,P,KOM,G7,SMTA,LL,PDG,LTW
893,P,KOM,G2,SMP,PDG,PS,LLW
894,P,KOM,G4,SMTA,LL,PNS,LTW
895,P,KOM,G4,SRJN,GRD,GRD,LTW
896,P,KOM,G3,SRJN,LL,GRD,LLW
897,P,KOM,G4,SMTA,PS,LL,LLW
898,L,KOM,G4,SRJN,PNS,PSN,LLW
899,P,KOM,G7,SMTA,LL,PS,LLW
900,P,KOM,G2,SRJN,LL,BPN,LLW
901,P,KOM,G5,SMTA,LL,GRD,LLW
902,L,KOM,G2,SMTA,PDG,PDG,LLW
903,L,KOM,G3,SMTA,PNS,LL,LLW
904,L,KOM,G4,SMTA,LL,PNS,LLW
905,L,KOM,G4,SMTA,LL,LL,LLW
906,L,KOM,G5,SMTA,LL,PDG,LC
907,L,KOM,G5,SRJN,PSN,PS,LLW
908,P,KOM,G4,SRJN,PDG,ABRI,LLW
909,L,KOM,G5,SMTA,LL,PS,LLW
910,P,KOM,G3,SMTA,LL,PS,LLW
911,P,KOM,G3,SMTA,PNS,ABRI,LLW
912,P,KOM,G3,SRJN,PSN,PSN,LLW
913,P,KOM,G2,SMTA,LL,LL,LC
914,L,KOM,G4,SRJN,GRD,PDG,LLW
915,L,KOM,G4,SMTA,PDG,PDG,LLW
916,P,KOM,G4,SRJN,LL,PNS,LLW
917,P,KOM,G4,SRJN,GRD,PNS,LLW
918,L,KOM,G4,SMTA,PSN,PSN,LC
919,P,KOM,G1,SMTA,PDG,LL,LLW
920,P,KOM,G3,SRJN,GRD,GRD,LLW
921,P,KOM,G2,SD,LL,BPN,LLW
922,P,KOM,G5,SMP,PDG,PDG,LLW
923,P,KOM,G4,SRJN,PDG,PDG,LLW
924,P,KOM,G4,SMTA,LL,GRD,LLW
925,L,KOM,G4,SRJN,PS,PS,LLW
926,P,KOM,G3,LL,BPN,BPN,LLW
927,P,KOM,G4,SRJN,GRD,PDG,LLW
928,P,KOM,G3,SRJN,GRD,GRD,LLW
929,P,KOM,G4,SMTA,PDG,GRD,LTW
930,P,KOM,G4,SRJN,GRD,PS,LLW
931,P,KOM,G2,SMTA,LL,BPN,LLW
932,P,KOM,G3,SD,LL,PNS,LLW
933,P,KOM,G5,SRJN,PNS,PS,LTW
934,P,KOM,G3,SMTA,LL,PS,LLW
935,L,KOM,G2,SRJN,PS,PS,LLW
936,L,KOM,G4,SMTA,PDG,PNS,LLW
937,P,KOM,G2,SMTA,PDG,PDG,LLW
938,P,KOM,G3,SMTA,LL,BPN,LLW
939,P,KOM,G3,SMTA,PNS,BPN,LTW
940,P,KOM,G3,SMTA,PS,LL,LLW
941,L,KOM,G1,SMTA,LL,PDG,LLW
942,P,KOM,G4,SMP,LL,PDG,LLW
943,P,KOM,G3,SMP,LL,PSN,LLW
944,P,KOM,G4,SMTA,PS,PNS,LLW
945,P,KOM,G3,SMTA,PNS,PS,LLW
946,P,KOM,G5,SRJN,GRD,GRD,LLW
947,P,KOM,G1,SMTA,PDG,BPN,LLW
948,L,KOM,G1,LL,PDG,BPN,LLW
949,P,KOM,G4,SMTA,PNS,PNS,LLW
950,P,KOM,G3,SMTA,PDG,PDG,LLW
951,P,KOM,G4,SRJN,GRD,PNS,LLW
952,P,KOM,G2,SMP,LL,BPN,LTW
953,P,KOM,G4,SMP,LL,PS,LLW
954,P,KOM,G5,SRJN,PDG,PS,LLW
955,P,KOM,G4,SRJN,GRD,PNS,LLW
956,P,KOM,G7,SRJN,PNS,PNS,LLW
957,P,KOM,G4,SRJN,GRD,GRD,LLW
958,P,KOM,G3,SD,PDG,PDG,LLW
959,P,KOM,G4,SRJN,GRD,PSN,LLW
960,L,KOM,G7,SRJN,GRD,PS,LLW
961,L,KOM,G4,SRJN,PNS,PS,LLW
962,P,KOM,G4,SRJN,LL,GRD,LTW
963,L,KOM,G5,SRJN,PNS,GRD,LLW
964,L,KOM,G7,SRJN,LL,PDG,LTW
965,P,KOM,G5,SRJN,GRD,GRD,LLW
966,L,KOM,G2,SRJN,PS,PDG,LLW
967,L,KOM,G4,SRJN,PSN,PNS,LLW
968,L,KOM,G5,SRJN,GRD,PNS,LLW
969,P,KOM,G5,SRJN,GRD,PDG,LTW
970,P,KOM,G3,SMTA,PNS,PSN,LLW
971,P,KOM,G2,SMTA,PSN,PSN,LLW
972,P,KOM,G2,SMTA,LL,LL,LLW
973,L,KOM,G3,LL,BPN,BPN,LLW
974,P,KOM,G4,SMTA,LL,ABRI,LC
975,P,KOM,G3,SMTA,PDG,PDG,LLW
976,P,KOM,G4,SMTA,PNS,PS,LLW
977,L,KOM,G4,SMTA,LL,PS,LC
978,P,KOM,G4,SRJN,PS,GRD,LLW
979,P,KOM,G3,SMP,LL,BPN,LLW
980,P,KOM,G4,SRJN,GRD,GRD,LC
981,P,KOM,G4,SRJN,LL,PS,LLW
982,P,KOM,G3,SMTA,PS,PDG,LLW
983,L,KOM,G2,LL,BPN,BPN,LLW
984,P,KOM,G3,SRJN,LL,PSN,LLW
985,P,KOM,G5,SRJN,PS,PNS,LLW
986,P,KOM,G4,SMTA,LL,BPN,LTW
987,P,KOM,G6,SRJN,LL,PS,LC
988,P,KOM,G6,SMTA,LL,PS,LLW
989,P,KOM,G3,SMTA,LL,PNS,LLW
990,P,KOM,G5,SRJN,PS,PNS,LLW
991,L,KOM,G5,SRJN,GRD,GRD,LTW
992,P,KOM,G7,SRJN,PNS,PS,LLW
993,P,HUK,G1,LL,BPN,BPN,LLW
994,P,HUK,G3,SRJN,GRD,PNS,LTW
995,L,HUK,G4,SRJN,LL,PNS,LLW
996,P,HUK,G3,SRJN,PDG,PNS,LLW
997,L,HUK,G4,SRJN,PDG,PNS,LLW
998,L,HUK,G3,SRJN,LL,PSN,LLW
999,L,HUK,G4,SMTA,LL,PNS,LLW
1000,L,HUK,G3,SMP,LL,GRD,LLW
1001,L,HUK,G3,SMTA,PS,PS,LLW
1002,L,HUK,G3,SRJN,BPN,PSN,LLW
1003,L,HUK,G4,SRJN,LL,PNS,LLW
1004,L,HUK,G2,SD,PDG,PDG,LLW
1005,P,HUK,G3,SRJN,GRD,GRD,LLW
1006,P,HUK,G4,SMTA,LL,PNS,LTW
1007,L,HUK,G4,SMP,PDG,GRD,LLW
1008,L,HUK,G6,SRJN,PDG,GRD,LLW
1009,L,HUK,G3,SRJN,PNS,PNS,LLW
1010,L,HUK,G3,SRJN,PNS,PNS,LLW
1011,P,HUK,G4,SRJN,GRD,GRD,LLW
1012,P,HUK,G4,SRJN,LL,LL,LTW
1013,P,HUK,G3,SMTA,LL,GRD,LLW
1014,P,HUK,G5,SMTA,PDG,PDG,LTW
1015,L,HUK,G4,SMTA,LL,PNS,LLW
1016,L,HUK,G4,SMP,LL,PSN,LLW
1017,L,HUK,G4,SRJN,GRD,GRD,LLW
1018,L,HUK,G3,SMTA,LL,LL,LLW
1019,L,HUK,G3,SRJN,GRD,GRD,LLW
1020,P,HUK,G1,SMP,LL,PDG,LTW
1021,L,HUK,G3,SMTA,PDG,PDG,LTW
1022,P,HUK,G2,SD,PDG,LL,LLW
1023,L,HUK,G2,SMP,LL,PS,LLW
1024,L,HUK,G3,SMTA,PDG,PDG,LLW
1025,P,HUK,G3,SMTA,PNS,PNS,LTW
1026,L,HUK,G3,SRJN,GRD,GRD,LTW
1027,L,HUK,G4,SMTA,PNS,PNS,LLW
1028,L,HUK,G3,SRJN,PSN,PSN,LLW
1029,P,HUK,G7,SRJN,PS,PS,LLW
1030,P,HUK,G4,SMP,PDG,PDG,LLW
1031,P,HUK,G2,SD,LL,BPN,LLW
1032,L,HUK,G2,LL,PDG,LL,LLW
1033,P,HUK,G2,SMP,LL,PSN,LLW
1034,L,HUK,G6,SRJN,PNS,GRD,LLW
1035,P,HUK,G3,SMTA,PNS,PS,LTW
1036,P,HUK,G4,SMTA,LL,GRD,LTW
1037,P,HUK,G3,SRJN,LL,GRD,LLW
1038,P,HUK,G5,SMTA,GRD,LL,LTW
1039,L,HUK,G3,SMTA,LL,PS,LLW
1040,P,HUK,G1,SMTA,BPN,BPN,LTW
1041,P,HUK,G3,SMTA,LL,GRD,LLW
1042,P,HUK,G4,SRJN,PDG,PDG,LLW
1043,P,HUK,G1,SMP,BPN,BPN,LTW
1044,P,HUK,G3,SRJN,GRD,PNS,LLW
1045,L,HUK,G3,SRJN,GRD,GRD,LLW
1046,P,HUK,G3,SRJN,PDG,PDG,LTW
1047,P,HUK,G3,SRJN,GRD,LL,LTW
1048,L,HUK,G4,SMTA,PNS,PS,LLW
1049,L,HUK,G2,SRJN,GRD,PS,LLW
1050,L,HUK,G5,SMTA,GRD,PNS,LTW
1051,P,HUK,G4,SRJN,PNS,PNS,LTW
1052,L,HUK,G6,SRJN,LL,PNS,LLW
1053,P,HUK,G5,SRJN,PS,PNS,LTW
1054,P,HUK,G2,SRJN,PNS,PDG,LLW
1055,P,HUK,G4,SMTA,LL,PNS,LTW
1056,L,HUK,G3,SRJN,GRD,GRD,LLW
1057,L,HUK,G4,SRJN,LL,PS,LLW
1058,P,HUK,G2,SMP,LL,PDG,LTW
1059,L,HUK,G3,SRJN,GRD,PNS,LLW
1060,P,HUK,G3,SMTA,LL,PNS,LTW
1061,P,HUK,G3,SRJN,LL,PNS,LTW
1062,P,HUK,G3,SRJN,GRD,PNS,LTW
1063,L,HUK,G3,SRJN,GRD,GRD,LTW
1064,P,HUK,G3,SMTA,PSN,PSN,LTW
1065,L,HUK,G2,SMTA,LL,PDG,LTW
1066,L,HUK,G4,SRJN,PNS,PDG,LLW
1067,L,HUK,G3,SMTA,LL,GRD,LLW
1068,L,HUK,G6,SMTA,PDG,LL,LLW
1069,L,HUK,G1,SMP,PDG,PDG,LLW
1070,P,HUK,G3,SRJN,PDG,LL,LTW
1071,L,HUK,G3,SD,BPN,BPN,LLW
1072,P,HUK,G4,SRJN,PNS,PDG,LLW
1073,L,HUK,G2,SMTA,LL,PS,LTW
1074,L,HUK,G3,LL,PDG,LL,LTW
1075,L,HUK,G4,SMTA,LL,PSN,LTW
1076,L,HUK,G1,SMTA,LL,PSN,LTW
1077,P,HUK,G2,SMTA,PDG,LL,LLW
1078,L,HUK,G3,SRJN,PNS,GRD,LLW
1079,L,HUK,G2,SMTA,LL,BPN,LLW
1080,L,HUK,G4,SMTA,LL,PNS,LLW
1081,P,HUK,G4,SRJN,LL,PS,LLW
1082,P,HUK,G6,SRJN,PDG,PDG,LTW
1083,L,HUK,G3,SMTA,PNS,GRD,LLW
1084,P,HUK,G3,SMTA,LL,ABRI,LTW
1085,P,HUK,G3,SMTA,LL,PSN,LTW
1086,P,HUK,G3,SMTA,LL,PDG,LTW
1087,L,HUK,G4,SRJN,GRD,PSN,LLW
1088,L,HUK,G3,SMTA,LL,PSN,LLW
1089,P,HUK,G1,LL,LL,BPN,LTW
1090,L,HUK,G4,SMTA,PDG,PNS,LLW
1091,L,HUK,G4,SRJN,LL,PNS,LLW
1092,P,HUK,G4,SMTA,LL,PS,LTW
1093,P,HUK,G4,SRJN,GRD,PSN,LLW
1094,L,HUK,G4,SRJN,GRD,PDG,LTW
1095,L,HUK,G2,LL,BPN,BPN,LLW
1096,L,HUK,G3,SMTA,LL,PNS,LLW
1097,P,HUK,G2,SD,LL,PS,LTW
1098,P,HUK,G1,SMTA,LL,PSN,LLW
1099,L,HUK,G4,SRJN,GRD,GRD,LLW
1100,P,HUK,G3,SMP,PDG,PDG,LTW
1101,P,HUK,G3,SRJN,LL,PSN,LTW
1102,P,HUK,G3,SMTA,PDG,PSN,LLW
1103,P,HUK,G2,SMTA,PDG,PDG,LTW
1104,L,HUK,G3,SRJN,GRD,PNS,LTW
1105,P,HUK,G2,SMTA,PNS,PDG,LLW
1106,L,HUK,G3,LL,PDG,PDG,LLW
1107,L,HUK,G1,SD,PDG,PDG,LLW
1108,P,HUK,G2,SD,LL,PS,LTW
1109,P,HUK,G2,SMTA,PNS,LL,LLW
1110,P,HUK,G4,SMTA,PDG,PDG,LTW
1111,P,HUK,G3,SMTA,PDG,PDG,LTW
1112,P,HUK,G4,SRJN,LL,PNS,LTW
1113,L,HUK,G3,SMTA,LL,PNS,LLW
1114,L,HUK,G3,SMTA,LL,ABRI,LTW
1115,P,HUK,G1,SD,LL,BPN,LLW
1116,P,HUK,G3,SRJN,LL,PS,LTW
1117,L,HUK,G3,SRJN,GRD,GRD,LLW
1118,L,HUK,G3,SMTA,PDG,LL,LLW
1119,L,HUK,G4,SRJN,LL,PNS,LLW
1120,L,HUK,G4,SMTA,LL,PNS,LLW
1121,L,HUK,G4,SRJN,PS,PS,LLW
1122,P,HUK,G3,SRJN,PS,PDG,LLW
1123,L,HUK,G2,SMTA,LL,PDG,LTW
1124,L,HUK,G3,SRJN,LL,GRD,LTW
1125,P,HUK,G3,SMTA,PS,PS,LTW
1126,P,HUK,G3,SMTA,PDG,PDG,LTW
1127,L,HUK,G2,SD,BPN,BPN,LTW
1128,L,HUK,G2,LL,BPN,BPN,LLW
1129,P,HUK,G2,SD,PDG,PDG,LTW
1130,L,HUK,G4,SRJN,PDG,PDG,LLW
1131,L,HUK,G4,SRJN,PDG,GRD,LTW
1132,L,HUK,G3,SRJN,LL,PS,LTW
1133,P,HUK,G3,SMTA,PDG,PS,LTW
1134,P,HUK,G3,SMP,LL,PDG,LLW
1135,P,HUK,G4,SMTA,PDG,PNS,LTW
1136,L,HUK,G3,SMTA,LL,PS,LLW
1137,P,HUK,G1,SMTA,LL,PS,LTW
1138,P,HUK,G2,SMP,PDG,PDG,LTW
1139,P,HUK,G3,SRJN,GRD,PSN,LLW
1140,P,HUK,G4,SMTA,PDG,PDG,LLW
1141,L,HUK,G5,SMTA,LL,ABRI,LLW
1142,L,HUK,G2,SMTA,LL,PS,LLW
1143,P,HUK,G2,SRJN,GRD,PSN,LTW
1144,L,HUK,G3,SMTA,LL,PNS,LLW
1145,L,HUK,G3,SMTA,LL,PS,LLW
1146,L,HUK,G2,SMTA,PS,LL,LLW
1147,P,HUK,G2,SMTA,LL,PDG,LTW
1148,P,HUK,G3,SMTA,LL,PNS,LTW
1149,P,HUK,G4,SRJN,GRD,GRD,LTW
1150,P,HUK,G3,SMTA,LL,PDG,LTW
1151,P,HUK,G3,SMTA,PNS,PNS,LLW
1152,L,HUK,G5,SRJN,GRD,LL,LLW
1153,L,HUK,G3,SRJN,PNS,PS,LTW
1154,P,HUK,G3,SMP,LL,PS,LLW
1155,P,HUK,G5,SMTA,LL,PS,LTW
1156,P,HUK,G4,SMTA,LL,PS,LTW
1157,P,HUK,G4,SRJN,GRD,GRD,LLW
1158,L,HUK,G3,SRJN,GRD,PNS,LLW
1159,P,HUK,G2,SD,BPN,BPN,LTW
1160,L,HUK,G4,SMTA,LL,GRD,LTW
1161,L,HUK,G4,SMTA,LL,PNS,LLW
1162,P,HUK,G5,SRJN,PNS,PNS,LTW
1163,L,HUK,G3,SD,PDG,PSN,LTW
1164,L,HUK,G3,SRJN,GRD,PNS,LTW
1165,P,HUK,G4,SMTA,PSN,PSN,LLW
1166,L,HUK,G6,SRJN,PDG,PNS,LTW
1167,L,HUK,G4,SRJN,PS,PNS,LLW
1168,P,HUK,G4,SMTA,LL,PDG,LTW
1169,P,HUK,G3,SRJN,GRD,LL,LTW
1170,L,HUK,G4,SRJN,PNS,PNS,LLW
1171,L,HUK,G3,SRJN,PNS,PNS,LTW
1172,P,HUK,G3,SMP,PDG,PDG,LLW
1173,P,HUK,G4,SRJN,PS,PNS,LLW
1174,P,HUK,G4,SMTA,LL,PNS,LLW
1175,P,HUK,G4,SMTA,PDG,PS,LLW
1176,P,HUK,G2,SMTA,LL,PSN,LLW
1177,P,HUK,G2,SRJN,PS,PS,LLW
1178,P,HUK,G6,SRJN,PNS,PNS,LLW
1179,P,HUK,G2,SMP,BPN,BPN,LLW
1180,L,HUK,G3,SMTA,LL,PS,LLW
1181,L,HUK,G4,SRJN,PNS,PS,LLW
1182,L,HUK,G4,SMP,PDG,PNS,LTW
1183,L,HUK,G5,SD,PDG,PDG,LTW
1184,P,HUK,G4,SMP,PDG,PDG,LLW
1185,L,HUK,G4,SMTA,PDG,PDG,LTW
1186,P,HUK,G7,SRJN,PDG,PSN,LLW
1187,L,HUK,G4,SMTA,PNS,PNS,LLW
1188,L,HUK,G3,SRJN,PS,PNS,LLW
1189,L,HUK,G3,SRJN,GRD,GRD,LLW
1190,P,HUK,G2,SMTA,LL,PS,LLW
1191,P,HUK,G3,SMTA,PDG,PDG,LTW
1192,L,HUK,G6,SRJN,PNS,PS,LLW
1193,L,HUK,G7,SRJN,PS,PNS,LTW
1194,L,HUK,G3,SMTA,PNS,PS,LTW
1195,L,HUK,G4,SRJN,PS,PNS,LTW
1196,L,HUK,G4,SRJN,PNS,PNS,LTW
1197,P,HUK,G3,SMP,LL,PSN,LLW
1198,L,HUK,G7,SMTA,PS,PS,LLW
1199,P,HUK,G6,SMTA,LL,ABRI,LLW
1200,L,HUK,G4,SRJN,GRD,ABRI,LTW
1201,L,HUK,G4,SRJN,GRD,PS,LLW
1202,P,HUK,G3,SMTA,PDG,PS,LTW
1203,L,HUK,G4,SMTA,PDG,PNS,LLW
1204,P,HUK,G3,SMTA,LL,PNS,LTW
1205,P,HUK,G3,SRJN,PSN,PDG,LLW
1206,P,HUK,G3,SRJN,PNS,PNS,LTW
1207,P,HUK,G4,SRJN,GRD,PDG,LTW
1208,L,HUK,G4,SRJN,PS,PSN,LLW
1209,L,HUK,G3,SMTA,LL,ABRI,LLW
1210,L,HUK,G3,SRJN,PNS,PSN,LLW
1211,P,HUK,G2,SRJN,GRD,PNS,LTW
1212,L,HUK,G3,SD,PDG,BPN,LTW
1213,P,HUK,G2,SMTA,LL,BPN,LTW
1214,L,HUK,G3,SRJN,GRD,PDG,LLW
1215,P,HUK,G4,SRJN,LL,PNS,LTW
1216,L,HUK,G4,SMTA,PDG,GRD,LLW
1217,L,HUK,G6,SMTA,LL,PS,LLW
1218,P,HUK,G3,SRJN,GRD,ABRI,LTW
1219,L,HUK,G3,SRJN,PNS,PNS,LTW
1220,L,HUK,G4,SRJN,GRD,PNS,LLW
1221,P,HUK,G2,SMTA,LL,PDG,LTW
1222,L,HUK,G2,SMTA,LL,GRD,LLW
1223,L,HUK,G4,SMP,PDG,PDG,LLW
1224,L,HUK,G1,SMP,LL,PSN,LLW
1225,L,HUK,G4,SRJN,GRD,GRD,LTW
1226,L,HUK,G3,SRJN,PDG,PDG,LLW
1227,L,HUK,G3,SMTA,PNS,PNS,LLW
1228,L,HUK,G3,SMTA,PS,PSN,LLW
1229,P,HUK,G3,SMTA,LL,PSN,LLW
1230,P,HUK,G3,SMTA,LL,PS,LTW
1231,L,HUK,G3,SMTA,PDG,PNS,LLW
1232,L,HUK,G4,SMTA,LL,PSN,LLW
1233,P,HUK,G7,SRJN,PDG,LL,LLW
1234,P,HUK,G3,SMTA,PNS,PNS,LTW
1235,P,HUK,G4,SD,PDG,PNS,LLW
1236,L,HUK,G5,SRJN,GRD,PNS,LLW
1237,P,HUK,G7,SRJN,LL,PS,LLW
1238,P,HUK,G3,SMTA,PDG,PDG,LTW
1239,P,HUK,G3,SMTA,PNS,PNS,LLW
1240,L,HUK,G4,SMTA,PDG,PS,LLW
1241,L,HUK,G3,SRJN,PNS,PS,LLW
1242,L,HUK,G3,SMP,LL,PDG,LLW
1243,P,HUK,G1,SMTA,PNS,PNS,LLW
1244,P,HUK,G4,SMTA,PS,PS,LTW
1245,P,HUK,G2,SRJN,GRD,PNS,LTW
1246,P,HUK,G4,SMTA,LL,PDG,LLW
1247,L,HUK,G2,SMTA,LL,PSN,LLW
1248,P,HUK,G4,SRJN,PDG,PNS,LLW
1249,L,HUK,G4,SMTA,PNS,PS,LLW
1250,L,HUK,G5,SMTA,LL,PNS,LLW
1251,L,HUK,G4,SMP,PDG,PDG,LLW
1252,P,HUK,G5,SMTA,PS,PS,LLW
1253,P,HUK,G5,SRJN,GRD,ABRI,LTW
1254,P,HUK,G3,SMTA,PDG,LL,LTW
1255,L,HUK,G3,SRJN,PNS,PDG,LLW
1256,P,HUK,G4,SMP,LL,PSN,LTW
1257,P,HUK,G5,SRJN,PDG,PDG,LLW
1258,L,HUK,G6,SRJN,LL,PNS,LLW
1259,L,HUK,G5,SRJN,PS,PDG,LLW
1260,P,HUK,G2,SMTA,PDG,PDG,LLW
1261,L,HUK,G5,SRJN,PDG,GRD,LLW
1262,L,HUK,G4,SMTA,PDG,PS,LLW
1263,P,HUK,G4,SMTA,PDG,PS,LTW
1264,L,HUK,G4,SRJN,GRD,PSN,LLW
1265,L,HUK,G4,SRJN,PNS,PSN,LLW
1266,P,HUK,G6,SRJN,LL,PNS,LLW
1267,L,HUK,G7,SRJN,LL,PDG,LLW
1268,L,HUK,G1,SMTA,LL,PDG,LLW
1269,L,HUK,G4,SRJN,PNS,PS,LLW
1270,L,HUK,G5,SRJN,LL,PS,LTW
1271,L,HUK,G4,SRJN,GRD,GRD,LLW
1272,L,HUK,G4,SMTA,LL,PNS,LLW
1273,L,HUK,G6,SMTA,PDG,PDG,LLW
1274,L,HUK,G4,SMTA,PDG,PDG,LLW
1275,L,HUK,G3,SMTA,PNS,PSN,LLW
1276,L,HUK,G3,SMTA,PDG,PDG,LLW
1277,L,HUK,G6,SRJN,GRD,PS,LLW
1278,P,HUK,G3,SRJN,PDG,PDG,LLW
1279,L,HUK,G4,SRJN,PNS,PNS,LTW
1280,P,HUK,G4,SRJN,PNS,PNS,LTW
1281,L,HUK,G2,SRJN,GRD,ABRI,LLW
1282,L,HUK,G5,SMTA,LL,PS,LLW
1283,L,HUK,G4,SRJN,GRD,PNS,LLW
1284,L,HUK,G4,SRJN,PNS,PS,LLW
1285,P,HUK,G5,SMTA,PNS,PNS,LTW
1286,L,HUK,G2,SMTA,LL,PDG,LLW
1287,P,HUK,G4,SMTA,LL,PDG,LTW
1288,L,HUK,G6,SRJN,PNS,PNS,LLW
1289,P,HUK,G4,SRJN,PNS,GRD,LTW
1290,P,HUK,G3,SMTA,PDG,GRD,LTW
1291,P,HUK,G4,SMP,PDG,PS,LLW
1292,L,HUK,G2,SMTA,BPN,BPN,LLW
1293,P,HUK,G4,SRJN,PNS,PS,LLW
1294,L,HUK,G4,SMTA,LL,PSN,LLW
1295,L,HUK,G3,SMTA,LL,PS,LLW
1296,P,HUK,G4,SRJN,PNS,PS,LTW
1297,L,HUK,G7,SMTA,LL,PNS,LLW
1298,P,HUK,G3,SRJN,PS,LL,LTW
1299,L,HUK,G4,SRJN,PNS,PSN,LLW
1300,P,HUK,G1,SMTA,BPN,BPN,LTW
1301,L,HUK,G3,SRJN,GRD,GRD,LTW
1302,L,HUK,G5,SRJN,PNS,PNS,LLW
1303,P,HUK,G3,SRJN,PS,PS,LTW
1304,P,HUK,G4,SRJN,LL,PS,LLW
1305,L,HUK,G3,SD,BPN,PSN,LTW
1306,L,HUK,G7,SMP,PDG,PNS,LTW
1307,L,HUK,G4,SRJN,GRD,LL,LLW
1308,L,HUK,G4,SMTA,LL,ABRI,LTW
1309,L,HUK,G4,SRJN,LL,PS,LLW
1310,L,HUK,G3,SMTA,LL,ABRI,LTW
1311,P,HUK,G4,SMTA,LL,PNS,LTW
1312,P,HUK,G5,SRJN,PDG,PDG,LC
1313,P,HUK,G4,SRJN,PNS,ABRI,LTW
1314,L,HUK,G4,SRJN,LL,PNS,LLW
1315,P,HUK,G4,SRJN,LL,PS,LLW
1316,L,HUK,G3,SRJN,PSN,PNS,LLW
1317,L,HUK,G5,SMTA,LL,PDG,LLW
1318,L,HUK,G4,SMTA,PNS,PDG,LTW
1319,L,HUK,G5,SRJN,PS,PNS,LLW
1320,P,HUK,G3,SD,LL,PS,LTW
1321,P,HUK,G4,SMP,PDG,PNS,LTW
1322,L,HUK,G3,SMTA,LL,PSN,LLW
1323,P,HUK,G6,SMTA,PNS,PNS,LTW
1324,L,HUK,G6,SMTA,LL,PDG,LLW
1325,P,HUK,G4,SMTA,PNS,PSN,LTW
1326,P,HUK,G2,SMTA,PNS,PSN,LTW
1327,P,HUK,G4,SRJN,PS,GRD,LTW
1328,P,HUK,G4,SMTA,LL,ABRI,LTW
1329,L,HUK,G3,SRJN,GRD,PNS,LLW
1330,P,HUK,G4,SMTA,PDG,PDG,LTW
1331,P,HUK,G4,SRJN,GRD,LL,LTW
1332,L,HUK,G4,SMTA,PDG,ABRI,LTW
1333,P,HUK,G4,SRJN,PSN,PNS,LLW
1334,P,HUK,G1,SMTA,PDG,PDG,LLW
1335,P,HUK,G3,SMTA,LL,PDG,LTW
1336,P,HUK,G3,SMP,PS,PS,LLW
1337,P,HUK,G5,SMTA,PDG,PNS,LTW
1338,L,HUK,G3,SMTA,LL,PNS,LLW
1339,L,HUK,G3,SMP,LL,PNS,LTW
1340,L,HUK,G4,SMTA,LL,PDG,LLW
1341,L,HUK,G2,SMP,LL,PDG,LLW
1342,P,HUK,G4,SMTA,LL,PSN,LTW
1343,P,HUK,G2,SRJN,PDG,LL,LTW
1344,L,HUK,G4,SMTA,PNS,PNS,LLW
1345,L,HUK,G4,SRJN,GRD,ABRI,LLW
1346,L,HUK,G4,SRJN,LL,LL,LLW
1347,P,HUK,G4,SD,LL,PDG,LTW
1348,P,HUK,G2,SRJN,GRD,BPN,LTW
1349,P,HUK,G3,SRJN,PS,PS,LLW
1350,P,HUK,G2,SMTA,PS,PS,LTW
1351,L,HUK,G4,SMTA,LL,PDG,LC
1352,L,HUK,G4,SRJN,PNS,PNS,LLW
1353,P,HUK,G4,SRJN,GRD,GRD,LTW
1354,L,HUK,G3,SD,PDG,PDG,LLW
1355,L,HUK,G5,SRJN,LL,PS,LLW
1356,L,HUK,G2,SMTA,PDG,PDG,LLW
1357,P,HUK,G4,SRJN,LL,PNS,LTW
1358,P,HUK,G3,SRJN,PS,PNS,LC
1359,L,HUK,G4,SRJN,GRD,PS,LLW
1360,P,HUK,G4,SMTA,LL,PNS,LC
1361,L,HUK,G4,SRJN,PNS,PNS,LTW
1362,P,HUK,G3,SMTA,LL,LL,LTW
1363,L,HUK,G3,SRJN,GRD,GRD,LLW
1364,L,HUK,G4,SRJN,GRD,GRD,LLW
1365,P,HUK,G3,SMTA,PNS,LL,LTW
1366,L,HUK,G4,SRJN,PNS,GRD,LLW
1367,L,HUK,G4,SRJN,GRD,GRD,LLW
1368,L,HUK,G3,SMTA,PDG,PSN,LLW
1369,P,HUK,G3,SMTA,PDG,PDG,LC
1370,P,HUK,G3,SRJN,LL,PNS,LC
1371,P,HUK,G3,SMP,LL,ABRI,LTW
1372,L,HUK,G5,SRJN,PNS,PS,LTW
1373,P,HUK,G5,SMTA,LL,LL,LTW
1374,P,HUK,G2,SD,LL,BPN,LLW
1375,L,HUK,G3,SMTA,PNS,PNS,LLW
1376,L,HUK,G3,SMTA,PDG,PS,LLW
1377,P,HUK,G4,SRJN,GRD,GRD,LLW
1378,L,HUK,G3,SD,PDG,PDG,LLW
1379,L,HUK,G4,SMTA,LL,PSN,LTW
1380,L,HUK,G7,SMTA,PDG,PDG,LLW
1381,L,HUK,G3,SRJN,GRD,GRD,LLW
1382,P,HUK,G4,SMTA,LL,PSN,LLW
1383,P,HUK,G4,SRJN,PDG,GRD,LTW
1384,P,HUK,G4,SMTA,LL,LL,LTW
1385,L,HUK,G4,SMTA,LL,PNS,LLW
1386,P,HUK,G3,SMTA,PDG,PDG,LLW
1387,P,HUK,G3,SRJN,PDG,PDG,LLW
1388,P,HUK,G3,SMTA,PDG,GRD,LTW
1389,L,HUK,G3,SMTA,LL,PDG,LTW
1390,L,HUK,G3,SRJN,PNS,PDG,LLW
1391,L,HUK,G4,SRJN,PNS,PS,LTW
1392,P,HUK,G3,SMTA,LL,GRD,LLW
1393,L,HUK,G4,SRJN,GRD,PNS,LTW
1394,L,HUK,G4,SMTA,PDG,PDG,LLW
1395,L,HUK,G4,SRJN,PNS,PNS,LLW
1396,L,HUK,G4,SMTA,LL,PNS,LLW
1397,P,HUK,G4,SMTA,PDG,GRD,LLW
1398,P,HUK,G4,SRJN,LL,PSN,LTW
1399,L,HUK,G3,SMTA,LL,GRD,LLW
1400,P,HUK,G5,SMTA,PDG,PDG,LLW
1401,P,HUK,G4,SRJN,PNS,PNS,LTW
1402,P,HUK,G5,SMTA,LL,PNS,LLW
1403,P,HUK,G4,SRJN,GRD,ABRI,LTW
1404,L,HUK,G4,SMTA,PDG,PNS,LLW
1405,P,HUK,G2,SRJN,PNS,GRD,LLW
1406,P,HUK,G3,SMTA,PDG,PNS,LTW
1407,P,HUK,G4,SRJN,LL,PDG,LTW
1408,L,HUK,G4,SMTA,LL,PNS,LTW
1409,P,HUK,G2,SMTA,PDG,PDG,LTW
1410,L,HUK,G4,SRJN,LL,PDG,LLW
1411,L,HUK,G2,SMTA,PDG,PDG,LLW
1412,P,HUK,G4,SRJN,GRD,GRD,LTW
1413,P,HUK,G3,SD,PDG,ABRI,LTW
1414,P,HUK,G3,SRJN,LL,PNS,LTW
1415,P,HUK,G4,SMTA,LL,ABRI,LTW
1416,P,HUK,G5,SRJN,PDG,PDG,LTW
1417,P,HUK,G3,SMTA,LL,PNS,LTW
1418,P,HUK,G5,SMTA,LL,PDG,LLW
1419,P,HUK,G3,SRJN,LL,GRD,LTW
1420,P,HUK,G4,SMTA,LL,PDG,LLW
1421,L,HUK,G3,SMTA,LL,ABRI,LLW
1422,P,HUK,G3,SRJN,PDG,PS,LLW
1423,P,HUK,G3,SRJN,GRD,PS,LTW
1424,P,HUK,G4,SRJN,GRD,PNS,LTW
1425,P,HUK,G3,SRJN,PDG,PDG,LTW
1426,P,HUK,G3,SMTA,LL,PNS,LLW
1427,L,HUK,G4,SRJN,PNS,PSN,LTW
1428,L,HUK,G4,SMTA,PDG,LL,LLW
1429,P,HUK,G4,SRJN,GRD,GRD,LTW
1430,P,HUK,G5,SD,LL,PDG,LC
1431,P,HUK,G3,SRJN,PSN,PSN,LLW
1432,L,HUK,G2,SMTA,LL,PSN,LLW
1433,L,HUK,G4,SRJN,GRD,GRD,LLW
1434,L,HUK,G3,SMTA,PDG,PNS,LLW
1435,P,HUK,G7,SRJN,PDG,PDG,LLW
1436,P,HUK,G4,SMTA,PDG,PSN,LC
1437,P,HUK,G5,SRJN,GRD,PNS,LTW
1438,L,HUK,G1,SMTA,LL,LL,LLW
1439,L,HUK,G4,SRJN,LL,PSN,LC
1440,L,HUK,G4,SMTA,LL,PSN,LLW
1441,L,HUK,G5,SRJN,PNS,ABRI,LLW
1442,P,HUK,G4,SRJN,PDG,PSN,LC
1443,L,HUK,G5,SRJN,PNS,PNS,LLW
1444,L,HUK,G2,SMTA,BPN,BPN,LLW
1445,P,HUK,G5,SRJN,LL,PS,LTW
1446,L,HUK,G3,SRJN,GRD,PNS,LLW
1447,L,HUK,G2,SMTA,LL,PSN,LLW
1448,L,HUK,G2,SMTA,PSN,LL,LTW
1449,L,HUK,G4,SRJN,LL,PNS,LLW
1450,L,HUK,G5,SRJN,PNS,PNS,LLW
1451,P,HUK,G6,SRJN,GRD,PS,LLW
1452,P,HUK,G4,SRJN,PNS,PNS,LTW
1453,P,HUK,G2,SMTA,PS,PS,LTW
1454,L,HUK,G5,SRJN,GRD,PNS,LLW
1455,P,HUK,G4,SMTA,PNS,GRD,LLW
1456,P,HUK,G3,SMTA,PNS,PNS,LLW
1457,L,HUK,G4,SRJN,LL,GRD,LLW
1458,P,HUK,G5,SRJN,GRD,PNS,LLW
1459,L,HUK,G4,SMTA,PDG,PS,LTW
1460,P,HUK,G3,SRJN,LL,PS,LC
1461,L,HUK,G7,SRJN,GRD,GRD,LLW
1462,P,HUK,G5,SRJN,LL,PNS,LLW
1463,L,HUK,G3,SRJN,GRD,PSN,LLW
1464,P,HUK,G4,SRJN,GRD,GRD,LTW
1465,P,HUK,G3,SRJN,LL,PNS,LTW
1466,P,HUK,G4,SRJN,LL,PNS,LTW
1467,L,HUK,G4,SRJN,GRD,GRD,LLW
1468,P,HUK,G2,LL,PDG,PDG,LTW
1469,P,HUK,G6,SRJN,PNS,PNS,LLW
1470,P,HUK,G4,SMTA,PS,PS,LTW
1471,L,HUK,G6,SRJN,PNS,PDG,LLW
1472,L,HUK,G3,SRJN,PSN,PSN,LLW
1473,L,HUK,G3,SRJN,GRD,PSN,LLW
1474,L,HUK,G4,SD,BPN,PNS,LTW
1475,L,HUK,G2,LL,LL,LL,LTW
1476,L,HUK,G4,SMTA,LL,ABRI,LLW
1477,L,HUK,G4,SRJN,GRD,PDG,LLW
1478,P,HUK,G4,SRJN,PNS,PS,LTW
1479,P,HUK,G3,SRJN,PDG,PDG,LC
1480,P,HUK,G4,SRJN,PNS,PS,LTW
1481,P,HUK,G1,SRJN,PNS,PSN,LTW
1482,L,HUK,G3,SRJN,GRD,BPN,LTW
1483,L,HUK,G5,SRJN,PNS,PNS,LLW
1484,L,HUK,G4,SMP,LL,PS,LLW
1485,P,HUK,G3,SMTA,LL,PS,LTW
1486,P,HUK,G1,SMTA,PDG,PDG,LC
1487,P,HUK,G2,SMTA,PNS,PSN,LLW
1488,P,HUK,G4,SRJN,GRD,PS,LTW
1489,L,HUK,G4,SRJN,LL,PNS,LC
1490,P,HUK,G2,SD,LL,PS,LC
1491,L,HUK,G4,SRJN,PNS,PSN,LLW
1492,P,HUK,G3,SRJN,PS,PNS,LTW
1493,P,HUK,G3,SMTA,LL,GRD,LTW
1494,P,HUK,G5,SMTA,LL,PS,LLW
1495,P,HUK,G5,SRJN,GRD,GRD,LTW
1496,L,HUK,G1,SMTA,LL,LL,LLW
1497,P,HUK,G3,SMP,PDG,PSN,LTW
1498,L,HUK,G5,SMTA,PDG,PSN,LLW
1499,P,HUK,G4,SRJN,PDG,PS,LTW
1500,L,HUK,G4,SRJN,PNS,PNS,LLW
1501,P,HUK,G3,SRJN,PS,PS,LTW
1502,L,HUK,G3,SRJN,PDG,LL,LTW
1503,P,HUK,G3,SMTA,PDG,PDG,LTW
1504,P,HUK,G4,SRJN,PS,GRD,LTW
1505,L,HUK,G4,SMTA,LL,PNS,LLW
1506,P,HUK,G4,SRJN,LL,GRD,LTW
1507,P,HUK,G4,SRJN,GRD,ABRI,LTW
1508,P,HUK,G6,SRJN,LL,PNS,LLW
1509,L,HUK,G4,SRJN,PNS,GRD,LLW
1510,P,HUK,G3,SRJN,PDG,PDG,LLW
1511,P,HUK,G4,SMTA,LL,PS,LTW
1512,L,HUK,G4,SMTA,PNS,PSN,LLW
1513,L,HUK,G3,SRJN,LL,PS,LTW
1514,L,HUK,G4,SRJN,PNS,PDG,LLW
1515,P,HUK,G3,SRJN,GRD,BPN,LTW
1516,P,HUK,G3,SRJN,PSN,PSN,LTW
1517,L,HUK,G3,SMTA,PDG,PS,LLW
1518,L,HUK,G4,SRJN,PNS,PS,LTW
1519,L,HUK,G4,SRJN,PDG,PDG,LLW
1520,L,HUK,G4,SRJN,PNS,PNS,LLW
1521,L,HUK,G4,SMTA,LL,PDG,LLW
1522,L,HUK,G2,SMP,LL,PSN,LLW
1523,P,HUK,G6,SMTA,PDG,PDG,LLW
1524,L,HUK,G1,SRJN,LL,LL,LTW
1525,P,HUK,G7,SRJN,PDG,PDG,LLW
1526,P,HUK,G4,SRJN,LL,PNS,LTW
1527,P,HUK,G4,SRJN,GRD,PNS,LTW
1528,P,HUK,G3,SRJN,LL,LL,LLW
1529,P,HUK,G3,SMTA,PDG,LL,LLW
1530,L,HUK,G3,SRJN,GRD,PDG,LTW
1531,P,HUK,G5,SRJN,LL,PDG,LTW
1532,P,HUK,G4,SRJN,LL,PS,LTW
1533,P,HUK,G4,SRJN,LL,PSN,LTW
1534,L,HUK,G4,SMTA,PNS,PNS,LTW
1535,L,HUK,G7,SRJN,LL,PS,LLW
1536,L,HUK,G2,SD,LL,BPN,LLW
1537,L,HUK,G7,SMTA,LL,LL,LLW
1538,P,HUK,G3,SMTA,LL,PNS,LLW
1539,L,HUK,G5,SMTA,PDG,ABRI,LLW
1540,L,HUK,G5,SRJN,LL,PNS,LLW
1541,L,HUK,G5,SRJN,GRD,GRD,LLW
1542,L,HUK,G4,SMTA,LL,ABRI,LLW
1543,L,HUK,G4,SRJN,PS,LL,LLW
1544,P,HUK,G4,SMP,LL,PDG,LTW
1545,L,HUK,G3,SRJN,GRD,PNS,LLW
1546,P,HUK,G3,SMTA,LL,GRD,LTW
1547,P,HUK,G6,SRJN,GRD,PNS,LTW
1548,P,HUK,G4,SRJN,LL,GRD,LTW
1549,P,HUK,G2,SMTA,LL,PS,LLW
1550,P,HUK,G4,SRJN,PNS,PNS,LTW
1551,L,HUK,G3,SMTA,PDG,PDG,LTW
1552,L,HUK,G3,SMTA,PSN,PSN,LTW
1553,P,HUK,G1,SMP,BPN,LL,LTW
1554,P,HUK,G4,SMP,PDG,PDG,LLW
1555,P,HUK,G3,SMTA,PDG,PDG,LTW
1556,L,HUK,G3,SMTA,PS,PNS,LTW
1557,L,HUK,G7,SRJN,PS,PS,LLW
1558,L,HUK,G4,SRJN,GRD,GRD,LTW
1559,L,HUK,G3,SRJN,PS,PS,LLW
1560,P,HUK,G6,SMTA,LL,PS,LTW
1561,P,HUK,G2,SMTA,LL,PDG,LLW
1562,L,HUK,G7,SRJN,LL,PDG,LLW
1563,P,HUK,G2,SMP,BPN,LL,LTW
1564,P,HUK,G5,SRJN,PNS,PNS,LLW
1565,L,HUK,G2,SD,PDG,PDG,LTW
1566,L,HUK,G3,SRJN,GRD,PDG,LLW
1567,P,HUK,G4,SMTA,LL,PNS,LTW
1568,P,HUK,G4,SRJN,GRD,PS,LLW
1569,P,HUK,G4,SRJN,LL,PSN,LTW
1570,L,HUK,G7,SRJN,PDG,PNS,LLW
1571,P,HUK,G5,SMTA,LL,PNS,LLW
1572,P,HUK,G3,SMTA,LL,PDG,LTW
1573,P,HUK,G4,SMTA,PDG,PDG,LLW
1574,L,HUK,G3,SMTA,PS,PS,LTW
1575,L,HUK,G4,SMTA,PNS,ABRI,LLW
1576,L,HUK,G3,SRJN,PDG,PDG,LLW
1577,L,HUK,G4,SRJN,GRD,PSN,LTW
1578,P,HUK,G5,SMTA,PDG,PDG,LTW
1579,L,HUK,G3,SMP,PDG,PDG,LLW
1580,P,HUK,G2,SMTA,BPN,LL,LTW
1581,L,HUK,G4,SRJN,PS,PNS,LLW
1582,P,HUK,G3,SMTA,PDG,PDG,LLW
1583,L,HUK,G2,LL,PDG,PDG,LTW
1584,P,HUK,G3,SMTA,PDG,PS,LTW
1585,P,HUK,G5,SMTA,PDG,PDG,LLW
1586,L,HUK,G3,SMTA,LL,PS,LLW
1587,P,HUK,G4,SMP,PDG,GRD,LTW
1588,L,HUK,G4,SRJN,GRD,PNS,LLW
1589,P,HUK,G3,SRJN,GRD,PNS,LTW
1590,L,HUK,G3,SMTA,PDG,GRD,LTW
1591,L,HUK,G2,SMP,LL,PSN,LLW
1592,P,HUK,G3,SMTA,ABRI,ABRI,LTW
1593,P,HUK,G4,SRJN,GRD,GRD,LTW
1594,P,HUK,G1,SMTA,LL,PS,LLW
1595,L,HUK,G3,SRJN,LL,PNS,LLW
1596,P,HUK,G2,SMP,LL,PSN,LTW
1597,L,HUK,G6,SRJN,PDG,PS,LLW
1598,P,HUK,G5,SRJN,PNS,PNS,LLW
1599,P,HUK,G2,SMP,LL,PSN,LLW
1600,L,HUK,G3,SRJN,PSN,PSN,LLW
1601,P,HUK,G4,SMTA,PDG,PS,LTW
1602,P,HUK,G4,SMTA,LL,PSN,LTW
1603,L,HUK,G4,LL,LL,PDG,LLW
1604,L,HUK,G3,SD,PDG,PNS,LTW
1605,L,HUK,G4,SRJN,GRD,ABRI,LLW
1606,L,HUK,G3,LL,PDG,BPN,LLW
1607,L,HUK,G5,SRJN,LL,LL,LLW
1608,P,HUK,G1,SD,BPN,BPN,LTW
1609,P,HUK,G3,SRJN,GRD,BPN,LTW
1610,L,HUK,G4,SRJN,GRD,GRD,LTW
1611,P,HUK,G4,SMTA,LL,ABRI,LLW
1612,P,HUK,G4,SMTA,LL,PNS,LTW
1613,L,HUK,G4,SRJN,GRD,ABRI,LLW
1614,P,HUK,G4,SRJN,GRD,PSN,LLW
1615,L,HUK,G5,SRJN,PDG,PDG,LLW
1616,L,HUK,G4,SMP,LL,GRD,LTW
1617,L,HUK,G3,SRJN,GRD,PNS,LTW
1618,P,HUK,G2,SMTA,LL,PDG,LTW
1619,P,HUK,G3,SRJN,PS,GRD,LTW
1620,L,HUK,G4,SRJN,GRD,GRD,LTW
1621,L,HUK,G6,SRJN,LL,PNS,LLW
1622,P,HUK,G4,SRJN,GRD,PDG,LTW
1623,P,HUK,G7,SRJN,LL,PNS,LLW
1624,P,HUK,G4,SMTA,GRD,GRD,LTW
1625,P,HUK,G5,SMTA,PDG,PNS,LTW
1626,P,HUK,G4,SRJN,PSN,PSN,LLW
1627,P,HUK,G4,SRJN,GRD,GRD,LLW
1628,P,HUK,G2,SMP,LL,PDG,LTW
1629,L,HUK,G3,SRJN,LL,PNS,LTW
1630,P,HUK,G2,SRJN,PS,LL,LTW
1631,P,HUK,G3,SRJN,PNS,PNS,LTW
1632,L,HUK,G4,SMTA,PDG,GRD,LTW
1633,P,HUK,G2,SMTA,LL,PS,LLW
1634,L,HUK,G3,SMP,PDG,PDG,LLW
1635,L,HUK,G4,SRJN,GRD,PSN,LLW
1636,L,HUK,G5,SMTA,PNS,PNS,LLW
1637,L,HUK,G3,SMTA,LL,PNS,LTW
1638,L,HUK,G7,SMTA,PDG,PDG,LLW
1639,P,HUK,G6,SRJN,GRD,ABRI,LTW
1640,P,HUK,G3,SRJN,GRD,PSN,LTW
1641,L,HUK,G5,SRJN,PDG,GRD,LLW
1642,P,HUK,G5,SRJN,GRD,ABRI,LTW
1643,P,HUK,G5,SMTA,PDG,PDG,LLW
1644,P,HUK,G4,SRJN,PNS,PSN,LTW
1645,P,HUK,G6,SMTA,PDG,PDG,LLW
1646,P,HUK,G3,SRJN,PDG,PDG,LTW
1647,P,HUK,G3,SRJN,LL,PNS,LTW
1648,P,HUK,G4,SMTA,LL,PNS,LTW
1649,P,HUK,G4,SRJN,GRD,PSN,LTW
1650,P,HUK,G2,SRJN,PDG,PS,LTW
1651,P,HUK,G4,SMTA,PDG,PDG,LTW
1652,P,HUK,G5,SRJN,PNS,PNS,LTW
