,JK,JUR,GAJI_ORTU,PDK_IBU,PEK_IBU,PEK_AYAH,IPK_TERAKHIR
0,L,FISIKA,G3,SMTA,LL,GRD,IPK_M
1,P,FISIKA,G2,SD,LL,PDG,IPK_M
2,P,FISIKA,G2,SMTA,GRD,PNS,IPK_SM
3,L,FISIKA,G1,SMTA,LL,PDG,IPK_KM
4,P,FISIKA,G1,SMP,LL,LL,IPK_M
5,P,FISIKA,G2,SRJN,PDG,PS,IPK_KM
6,P,FISIKA,G2,SMTA,LL,PNS,IPK_KM
7,P,FISIKA,G3,SRJN,GRD,GRD,IPK_SM
8,P,FISIKA,G3,SMTA,LL,ABRI,IPK_M
9,L,FISIKA,G2,LL,BPN,BPN,IPK_M
10,P,FISIKA,G1,SMP,PDG,PDG,IPK_M
11,P,FISIKA,G3,SMTA,PDG,PNS,IPK_SM
12,L,FISIKA,G4,SRJN,GRD,PSN,IPK_KM
13,P,FISIKA,G3,SMTA,LL,GRD,IPK_SM
14,P,FISIKA,G3,SD,PDG,PS,IPK_M
15,P,FISIKA,G2,SMTA,LL,ABRI,IPK_SM
16,L,FISIKA,G3,SMTA,PDG,PSN,IPK_KM
17,P,FISIKA,G2,SMTA,LL,GRD,IPK_M
18,P,FISIKA,G2,SMTA,LL,PDG,IPK_KM
19,P,FISIKA,G2,SMTA,LL,PDG,IPK_SM
20,P,FISIKA,G2,SMTA,LL,BPN,IPK_SM
21,P,FISIKA,G1,SD,PDG,BPN,IPK_M
22,P,FISIKA,G3,SD,LL,PNS,IPK_SM
23,P,FISIKA,G1,LL,PDG,PDG,IPK_M
24,L,FISIKA,G3,SRJN,GRD,PNS,IPK_M
25,L,FISIKA,G3,SMP,PDG,GRD,IPK_KM
26,L,FISIKA,G1,LL,PDG,PDG,IPK_M
27,L,FISIKA,G2,SMP,LL,PSN,IPK_M
28,L,FISIKA,G3,SMP,LL,PSN,IPK_M
29,P,FISIKA,G2,SMTA,LL,GRD,IPK_M
30,P,FISIKA,G2,SMTA,PS,PS,IPK_SM
31,P,FISIKA,G1,LL,PDG,PDG,IPK_SM
32,L,FISIKA,G3,SMTA,GRD,PNS,IPK_M
33,L,FISIKA,G1,SMTA,BPN,BPN,IPK_SM
34,P,FISIKA,G3,SRJN,GRD,GRD,IPK_SM
35,P,FISIKA,G1,SMTA,PDG,PNS,IPK_M
36,P,FISIKA,G3,SRJN,GRD,GRD,IPK_SM
37,P,FISIKA,G2,SMTA,PS,PS,IPK_SM
38,L,FISIKA,G1,SMTA,PDG,PDG,IPK_M
39,L,FISIKA,G2,SD,BPN,BPN,IPK_SM
40,P,FISIKA,G2,SMP,BPN,BPN,IPK_M
41,P,FISIKA,G3,SMP,PDG,GRD,IPK_SM
42,L,FISIKA,G2,SD,BPN,BPN,IPK_KM
43,P,FISIKA,G3,SMTA,GRD,BPN,IPK_SM
44,L,FISIKA,G1,SMP,PDG,PNS,IPK_SM
45,P,FISIKA,G3,SRJN,GRD,GRD,IPK_M
46,P,FISIKA,G3,SRJN,GRD,PS,IPK_SM
47,L,FISIKA,G3,SMTA,BPN,PS,IPK_M
48,L,FISIKA,G3,SMP,BPN,BPN,IPK_M
49,L,FISIKA,G1,LL,LL,LL,IPK_SM
50,P,FISIKA,G1,SD,BPN,BPN,IPK_M
51,L,FISIKA,G3,SMTA,LL,PNS,IPK_M
52,L,FISIKA,G3,SMTA,LL,PNS,IPK_M
53,P,FISIKA,G3,SRJN,GRD,GRD,IPK_M
54,P,FISIKA,G2,SRJN,GRD,PNS,IPK_KM
55,L,FISIKA,G1,SMTA,LL,BPN,IPK_KM
56,L,FISIKA,G3,SRJN,GRD,GRD,IPK_SM
57,L,FISIKA,G1,SD,LL,BPN,IPK_SM
58,L,FISIKA,G1,SD,BPN,BPN,IPK_SM
59,P,FISIKA,G1,SMP,LL,LL,IPK_M
60,P,FISIKA,G1,SD,LL,PDG,IPK_M
61,P,FISIKA,G1,SMP,BPN,BPN,IPK_M
62,L,FISIKA,G2,SD,BPN,BPN,IPK_KM
63,P,FISIKA,G2,SMTA,PS,PS,IPK_SM
64,P,FISIKA,G3,SMTA,PDG,PDG,IPK_M
65,P,FISIKA,G1,SMTA,PS,BPN,IPK_CUM
66,P,FISIKA,G2,SMP,BPN,LL,IPK_KM
67,P,FISIKA,G3,LL,LL,PSN,IPK_SM
68,P,FISIKA,G3,SMP,LL,LL,IPK_M
69,L,FISIKA,G3,SRJN,LL,GRD,IPK_M
70,L,FISIKA,G4,SRJN,GRD,PS,IPK_M
71,P,FISIKA,G2,LL,LL,PDG,IPK_KM
72,L,FISIKA,G3,SMTA,LL,GRD,IPK_M
73,P,FISIKA,G2,SD,LL,LL,IPK_KM
74,L,FISIKA,G4,SRJN,GRD,PNS,IPK_SM
75,L,FISIKA,G2,SMP,LL,GRD,IPK_M
76,P,FISIKA,G3,SRJN,GRD,GRD,IPK_M
77,P,FISIKA,G3,SRJN,GRD,LL,IPK_KM
78,L,FISIKA,G3,SMTA,GRD,GRD,IPK_SM
79,L,FISIKA,G2,SD,BPN,PSN,IPK_M
80,P,FISIKA,G1,SMTA,LL,PDG,IPK_SM
81,P,FISIKA,G2,SMP,PS,PS,IPK_SM
82,P,FISIKA,G1,SD,PDG,PDG,IPK_M
83,P,FISIKA,G1,SMTA,LL,GRD,IPK_SM
84,P,FISIKA,G1,SMP,LL,BPN,IPK_M
85,L,FISIKA,G2,SMTA,BPN,BPN,IPK_M
86,P,FISIKA,G2,SMTA,PDG,PDG,IPK_KM
87,L,FISIKA,G3,SRJN,PDG,PSN,IPK_KM
88,P,FISIKA,G1,SD,BPN,BPN,IPK_M
89,P,FISIKA,G2,LL,PDG,PDG,IPK_KM
90,L,FISIKA,G2,SD,PDG,PDG,IPK_M
91,P,FISIKA,G3,SD,LL,PNS,IPK_SM
92,P,FISIKA,G2,SD,LL,BPN,IPK_M
93,L,FISIKA,G3,SRJN,GRD,PSN,IPK_KM
94,L,FISIKA,G2,SMTA,PDG,GRD,IPK_KM
95,L,FISIKA,G1,LL,BPN,BPN,IPK_SM
96,P,FISIKA,G2,SRJN,GRD,GRD,IPK_KM
97,P,FISIKA,G4,SMTA,PDG,GRD,IPK_M
98,P,FISIKA,G4,SRJN,GRD,PNS,IPK_M
99,P,FISIKA,G1,SD,LL,BPN,IPK_SM
100,P,FISIKA,G2,SMTA,PDG,PSN,IPK_SM
101,P,FISIKA,G3,SMTA,PDG,PSN,IPK_SM
102,P,FISIKA,G1,SD,LL,LL,IPK_M
103,P,FISIKA,G4,SRJN,GRD,PNS,IPK_KM
104,P,FISIKA,G3,SMTA,LL,PDG,IPK_SM
105,L,FISIKA,G3,SRJN,GRD,GRD,IPK_SM
106,L,FISIKA,G2,LL,PDG,PDG,IPK_SM
107,L,FISIKA,G3,SRJN,PDG,ABRI,IPK_KM
108,P,FISIKA,G3,SD,PDG,PDG,IPK_M
109,L,FISIKA,G2,LL,PDG,BPN,IPK_KM
110,L,FISIKA,G3,SD,LL,PS,IPK_SM
111,P,FISIKA,G3,SMTA,LL,PDG,IPK_M
112,P,FISIKA,G1,SD,LL,BPN,IPK_SM
113,L,FISIKA,G2,SMTA,BPN,BPN,IPK_KM
114,L,FISIKA,G1,SD,BPN,BPN,IPK_SM
115,P,FISIKA,G1,SMP,LL,LL,IPK_M
116,P,FISIKA,G2,SD,BPN,BPN,IPK_M
117,P,FISIKA,G2,LL,BPN,BPN,IPK_M
118,P,FISIKA,G3,SRJN,GRD,GRD,IPK_SM
119,L,FISIKA,G1,SMTA,LL,PDG,IPK_M
120,P,FISIKA,G3,SMTA,LL,PNS,IPK_SM
121,P,FISIKA,G3,SMTA,LL,GRD,IPK_KM
122,P,FISIKA,G3,SMTA,PS,PS,IPK_KM
123,L,FISIKA,G2,SD,LL,BPN,IPK_SM
124,P,FISIKA,G1,SD,PDG,PDG,IPK_KM
125,L,FISIKA,G2,SRJN,GRD,PDG,IPK_M
126,P,FISIKA,G4,SMP,BPN,GRD,IPK_M
127,P,FISIKA,G2,SMTA,PDG,PDG,IPK_SM
128,P,FISIKA,G1,SMP,LL,BPN,IPK_SM
129,P,FISIKA,G3,SRJN,GRD,GRD,IPK_CUM
130,P,FISIKA,G4,SRJN,PDG,GRD,IPK_SM
131,L,FISIKA,G2,LL,BPN,BPN,IPK_M
132,L,FISIKA,G3,SMTA,PSN,PSN,IPK_M
133,L,FISIKA,G2,SMP,PDG,PS,IPK_M
134,P,FISIKA,G2,LL,LL,BPN,IPK_M
135,L,FISIKA,G4,SMTA,LL,PDG,IPK_M
136,P,FISIKA,G2,SD,LL,BPN,IPK_SM
137,P,FISIKA,G4,SRJN,GRD,GRD,IPK_SM
138,L,FISIKA,G3,SMP,LL,PNS,IPK_M
139,P,FISIKA,G5,SRJN,LL,PNS,IPK_SM
140,P,FISIKA,G1,SD,BPN,BPN,IPK_SM
141,L,FISIKA,G3,LL,BPN,PNS,IPK_M
142,P,FISIKA,G1,SRJN,LL,PDG,IPK_M
143,L,FISIKA,G2,SMTA,PDG,PDG,IPK_SM
144,P,FISIKA,G2,SMTA,LL,PS,IPK_SM
145,P,FISIKA,G4,SMTA,PDG,GRD,IPK_SM
146,P,FISIKA,G2,SMP,LL,PS,IPK_M
147,L,FISIKA,G1,SMP,BPN,PDG,IPK_M
148,P,FISIKA,G2,SD,BPN,PSN,IPK_SM
149,L,FISIKA,G2,LL,BPN,BPN,IPK_KM
150,L,FISIKA,G2,SMP,PDG,GRD,IPK_CUM
151,P,FISIKA,G3,SMTA,LL,GRD,IPK_M
152,L,FISIKA,G3,SD,PDG,PDG,IPK_SM
153,P,FISIKA,G2,SMTA,PDG,PSN,IPK_SM
154,L,FISIKA,G4,SRJN,GRD,PNS,IPK_M
155,P,FISIKA,G3,SRJN,GRD,PSN,IPK_SM
156,L,FISIKA,G4,SMTA,PDG,PS,IPK_KM
157,L,FISIKA,G1,SD,PDG,PDG,IPK_SM
158,P,FISIKA,G1,SD,BPN,BPN,IPK_SM
159,P,FISIKA,G4,SD,PDG,GRD,IPK_SM
160,P,FISIKA,G4,SMTA,LL,PNS,IPK_SM
161,P,FISIKA,G2,LL,BPN,BPN,IPK_KM
162,P,FISIKA,G3,SMTA,PDG,PNS,IPK_SM
163,P,FISIKA,G2,SD,BPN,LL,IPK_SM
164,P,FISIKA,G5,SMTA,PDG,PDG,IPK_M
165,L,FISIKA,G2,SD,LL,LL,IPK_SM
166,L,FISIKA,G2,SMTA,PDG,BPN,IPK_SM
167,P,FISIKA,G1,SMP,BPN,BPN,IPK_M
168,P,FISIKA,G2,SMTA,PS,PS,IPK_SM
169,P,FISIKA,G2,LL,BPN,BPN,IPK_SM
170,L,FISIKA,G3,SMTA,PDG,PDG,IPK_M
171,P,FISIKA,G2,SD,BPN,BPN,IPK_SM
172,P,FISIKA,G3,SD,PDG,PNS,IPK_M
173,L,FISIKA,G3,SMTA,LL,GRD,IPK_M
174,L,FISIKA,G3,SMP,LL,PS,IPK_SM
175,L,FISIKA,G3,SRJN,PDG,GRD,IPK_CUM
176,P,FISIKA,G2,SD,LL,PDG,IPK_M
177,P,FISIKA,G3,LL,PDG,PDG,IPK_SM
178,P,FISIKA,G3,SRJN,PSN,PSN,IPK_M
179,L,FISIKA,G2,SMTA,LL,LL,IPK_SM
180,L,FISIKA,G5,SRJN,PS,PS,IPK_M
181,L,FISIKA,G2,SMTA,PDG,PDG,IPK_SM
182,L,FISIKA,G4,SMP,LL,PDG,IPK_SM
183,L,FISIKA,G3,SMTA,LL,LL,IPK_SM
184,L,FISIKA,G3,SMTA,BPN,PDG,IPK_M
185,P,FISIKA,G4,SRJN,PS,PS,IPK_SM
186,P,FISIKA,G4,SRJN,GRD,PS,IPK_SM
187,L,FISIKA,G2,SMTA,GRD,LL,IPK_SM
188,L,FISIKA,G2,SD,PDG,PDG,IPK_M
189,L,FISIKA,G3,SMTA,PNS,BPN,IPK_M
190,P,FISIKA,G4,SD,BPN,BPN,IPK_SM
191,P,FISIKA,G3,SMP,LL,PS,IPK_SM
192,L,FISIKA,G3,SD,BPN,GRD,IPK_SM
193,P,FISIKA,G2,SMP,PDG,LL,IPK_SM
194,P,FISIKA,G3,SMTA,PS,PS,IPK_SM
195,P,FISIKA,G3,SD,LL,PDG,IPK_SM
196,L,FISIKA,G4,SMTA,LL,PNS,IPK_SM
197,L,FISIKA,G4,SRJN,PNS,ABRI,IPK_M
198,P,FISIKA,G4,SMTA,PDG,GRD,IPK_M
199,L,FISIKA,G5,SRJN,GRD,PNS,IPK_SM
200,L,FISIKA,G3,SMTA,LL,PS,IPK_KM
201,P,FISIKA,G2,SMP,BPN,BPN,IPK_CUM
202,L,FISIKA,G4,SRJN,LL,PNS,IPK_M
203,L,FISIKA,G3,SD,PDG,GRD,IPK_SM
204,P,FISIKA,G3,SMTA,LL,PDG,IPK_M
205,L,FISIKA,G4,SMTA,PDG,PNS,IPK_SM
206,P,FISIKA,G4,SMP,LL,PDG,IPK_M
207,P,FISIKA,G3,SMTA,PS,PDG,IPK_SM
208,P,FISIKA,G3,SMP,LL,PNS,IPK_SM
209,P,FISIKA,G2,SD,LL,PS,IPK_SM
210,P,FISIKA,G2,SMTA,LL,BPN,IPK_SM
211,P,FISIKA,G4,SRJN,LL,PS,IPK_SM
212,P,FISIKA,G3,SMTA,LL,PNS,IPK_CUM
213,L,FISIKA,G3,SMTA,LL,ABRI,IPK_SM
214,P,FISIKA,G3,SRJN,GRD,PSN,IPK_SM
215,P,FISIKA,G2,SD,LL,PSN,IPK_M
216,P,FISIKA,G3,SD,PDG,PDG,IPK_KM
217,P,FISIKA,G4,SRJN,GRD,PNS,IPK_M
218,P,FISIKA,G3,SMP,LL,PNS,IPK_CUM
219,P,FISIKA,G4,SMP,PDG,ABRI,IPK_SM
220,P,FISIKA,G3,SMTA,LL,PS,IPK_SM
221,L,FISIKA,G4,SMTA,PDG,GRD,IPK_M
222,L,FISIKA,G4,SRJN,GRD,PNS,IPK_SM
223,P,FISIKA,G1,LL,LL,PSN,IPK_SM
224,L,FISIKA,G3,SMTA,LL,PS,IPK_SM
225,P,FISIKA,G4,SMTA,LL,PS,IPK_M
226,P,FISIKA,G3,SMP,PDG,PDG,IPK_M
227,P,FISIKA,G3,SRJN,GRD,BPN,IPK_M
228,L,FISIKA,G2,SMTA,PDG,PDG,IPK_SM
229,L,FISIKA,G4,SMP,PDG,PDG,IPK_SM
230,P,FISIKA,G1,SRJN,GRD,LL,IPK_SM
231,P,FISIKA,G4,SMTA,LL,PDG,IPK_SM
232,P,FISIKA,G2,SD,LL,BPN,IPK_SM
233,L,FISIKA,G2,SD,BPN,PDG,IPK_M
234,P,FISIKA,G4,SRJN,GRD,GRD,IPK_CUM
235,P,FISIKA,G1,SMTA,LL,BPN,IPK_SM
236,L,FISIKA,G1,SD,LL,PDG,IPK_SM
237,P,FISIKA,G2,SMTA,PDG,PDG,IPK_CUM
238,L,FISIKA,G3,SD,BPN,PDG,IPK_CUM
239,L,FISIKA,G3,SMTA,PDG,PSN,IPK_SM
240,P,FISIKA,G4,SRJN,GRD,GRD,IPK_SM
241,P,FISIKA,G3,SMTA,PDG,PNS,IPK_SM
242,P,FISIKA,G3,SMTA,LL,PS,IPK_SM
243,P,FISIKA,G2,SD,BPN,PDG,IPK_SM
244,L,FISIKA,G1,SD,LL,BPN,IPK_M
245,P,FISIKA,G2,SD,BPN,PDG,IPK_CUM
246,P,FISIKA,G2,SMP,LL,PDG,IPK_SM
247,L,FISIKA,G2,SMP,LL,BPN,IPK_SM
248,P,FISIKA,G4,SRJN,PNS,PSN,IPK_SM
249,L,FISIKA,G2,LL,LL,BPN,IPK_SM
250,P,FISIKA,G2,SRJN,LL,PS,IPK_CUM
251,P,FISIKA,G3,SMTA,PNS,PS,IPK_SM
252,L,FISIKA,G2,SMTA,PDG,PDG,IPK_SM
253,P,FISIKA,G5,SMTA,PS,PDG,IPK_SM
254,P,FISIKA,G3,SRJN,GRD,BPN,IPK_CUM
255,L,FISIKA,G2,SD,LL,BPN,IPK_SM
256,P,FISIKA,G3,SMTA,PDG,PDG,IPK_M
257,L,FISIKA,G4,SRJN,PDG,PDG,IPK_SM
258,P,FISIKA,G4,SMTA,LL,GRD,IPK_SM
259,P,FISIKA,G3,SMTA,PS,GRD,IPK_SM
260,P,FISIKA,G4,SMTA,BPN,GRD,IPK_CUM
261,P,FISIKA,G4,SMTA,PNS,ABRI,IPK_SM
262,P,FISIKA,G5,SRJN,PNS,GRD,IPK_SM
263,P,FISIKA,G7,SRJN,GRD,PS,IPK_SM
264,L,FISIKA,G4,SMTA,LL,GRD,IPK_SM
265,P,FISIKA,G2,SMTA,LL,BPN,IPK_SM
266,P,FISIKA,G2,SMTA,PS,PSN,IPK_SM
267,L,FISIKA,G3,SMP,PDG,PS,IPK_SM
268,P,FISIKA,G2,SMTA,LL,PDG,IPK_SM
269,P,FISIKA,G4,SRJN,GRD,PNS,IPK_CUM
270,L,FISIKA,G6,SMTA,LL,PNS,IPK_SM
271,L,FISIKA,G4,SD,BPN,PSN,IPK_SM
272,P,FISIKA,G4,SMTA,PDG,PNS,IPK_SM
273,P,FISIKA,G2,SRJN,GRD,GRD,IPK_SM
274,L,FISIKA,G4,SRJN,GRD,PDG,IPK_CUM
275,L,FISIKA,G3,SRJN,PDG,PDG,IPK_SM
276,P,FISIKA,G4,SMTA,LL,GRD,IPK_SM
277,P,FISIKA,G3,SMTA,LL,LL,IPK_SM
278,P,FISIKA,G4,SMTA,PDG,GRD,IPK_SM
279,P,FISIKA,G2,SD,BPN,BPN,IPK_SM
280,P,FISIKA,G4,SMTA,LL,BPN,IPK_SM
281,P,FISIKA,G2,SD,BPN,BPN,IPK_CUM
282,P,FISIKA,G3,SD,PDG,PDG,IPK_SM
283,P,FISIKA,G3,SMTA,LL,PS,IPK_SM
284,P,FISIKA,G2,SMP,LL,BPN,IPK_CUM
285,L,FISIKA,G3,SD,LL,BPN,IPK_CUM
286,L,MTK,G3,SD,LL,GRD,IPK_KM
287,P,MTK,G2,SMP,LL,PNS,IPK_SM
288,P,MTK,G2,SMP,PDG,PDG,IPK_SM
289,P,MTK,G1,LL,LL,PDG,IPK_SM
290,L,MTK,G1,LL,BPN,BPN,IPK_SM
291,L,MTK,G2,SD,LL,PNS,IPK_SM
292,P,MTK,G2,SD,LL,PS,IPK_CUM
293,P,MTK,G3,SRJN,GRD,GRD,IPK_SM
294,P,MTK,G2,SMTA,LL,GRD,IPK_SM
295,P,MTK,G2,SMTA,PDG,PDG,IPK_CUM
296,P,MTK,G3,SRJN,GRD,PDG,IPK_SM
297,P,MTK,G2,SD,BPN,BPN,IPK_M
298,P,MTK,G3,SRJN,PDG,GRD,IPK_M
299,L,MTK,G3,SRJN,GRD,GRD,IPK_SM
300,P,MTK,G3,SRJN,PNS,PNS,IPK_SM
301,P,MTK,G3,SMTA,PS,GRD,IPK_SM
302,L,MTK,G3,SMTA,GRD,GRD,IPK_SM
303,P,MTK,G2,SRJN,GRD,BPN,IPK_M
304,L,MTK,G2,SD,BPN,BPN,IPK_KM
305,P,MTK,G3,SMP,PS,PNS,IPK_SM
306,L,MTK,G3,SD,LL,GRD,IPK_SM
307,P,MTK,G2,SMP,LL,PDG,IPK_KM
308,L,MTK,G2,LL,LL,PSN,IPK_SM
309,P,MTK,G3,SMP,LL,PNS,IPK_SM
310,P,MTK,G3,SRJN,GRD,PDG,IPK_SM
311,P,MTK,G2,SMTA,PDG,LL,IPK_KM
312,P,MTK,G2,SMP,LL,PSN,IPK_KM
313,P,MTK,G3,SRJN,GRD,GRD,IPK_SM
314,P,MTK,G3,SRJN,GRD,PNS,IPK_SM
315,P,MTK,G3,SMP,LL,GRD,IPK_SM
316,L,MTK,G3,SRJN,GRD,PS,IPK_KM
317,P,MTK,G2,SD,LL,BPN,IPK_SM
318,P,MTK,G3,SRJN,GRD,PS,IPK_CUM
319,L,MTK,G2,LL,BPN,BPN,IPK_SM
320,L,MTK,G4,SRJN,GRD,GRD,IPK_SM
321,P,MTK,G1,SD,LL,BPN,IPK_KM
322,P,MTK,G3,SMTA,LL,PNS,IPK_SM
323,P,MTK,G1,SMP,PS,PS,IPK_M
324,P,MTK,G3,SMP,LL,PS,IPK_SM
325,L,MTK,G3,SMP,LL,PS,IPK_SM
326,P,MTK,G1,SD,LL,PSN,IPK_SM
327,P,MTK,G2,LL,LL,PDG,IPK_SM
328,P,MTK,G3,SMTA,LL,PNS,IPK_SM
329,L,MTK,G3,SRJN,PDG,PNS,IPK_SM
330,P,MTK,G3,SRJN,GRD,PSN,IPK_SM
331,L,MTK,G3,LL,PDG,PNS,IPK_M
332,L,MTK,G2,SD,BPN,BPN,IPK_M
333,P,MTK,G3,SMTA,PS,GRD,IPK_SM
334,P,MTK,G1,SMP,BPN,BPN,IPK_SM
335,P,MTK,G2,SD,LL,PDG,IPK_SM
336,P,MTK,G2,SRJN,GRD,PS,IPK_M
337,L,MTK,G4,SMTA,GRD,GRD,IPK_SM
338,P,MTK,G2,LL,BPN,PSN,IPK_SM
339,P,MTK,G2,SD,BPN,PNS,IPK_SM
340,P,MTK,G6,SMTA,PNS,PNS,IPK_SM
341,L,MTK,G1,SMTA,PS,PS,IPK_SM
342,L,MTK,G3,SRJN,GRD,GRD,IPK_M
343,P,MTK,G4,SMTA,LL,LL,IPK_SM
344,P,MTK,G1,SD,LL,PDG,IPK_SM
345,L,MTK,G4,SMTA,LL,PS,IPK_SM
346,P,MTK,G3,SMTA,PDG,PNS,IPK_SM
347,P,MTK,G3,SRJN,GRD,PSN,IPK_SM
348,P,MTK,G3,SRJN,GRD,PNS,IPK_SM
349,P,MTK,G4,SMP,LL,PS,IPK_CUM
350,P,MTK,G3,SMTA,PDG,PNS,IPK_SM
351,L,MTK,G3,SRJN,GRD,GRD,IPK_SM
352,L,MTK,G3,SMTA,GRD,PNS,IPK_SM
353,L,MTK,G2,SMTA,LL,PSN,IPK_SM
354,L,MTK,G2,SD,LL,PDG,IPK_M
355,P,MTK,G1,SMTA,PDG,PS,IPK_SM
356,L,MTK,G4,SRJN,GRD,PNS,IPK_SM
357,P,MTK,G1,SD,LL,LL,IPK_SM
358,P,MTK,G1,SD,PDG,BPN,IPK_M
359,P,MTK,G2,SRJN,GRD,GRD,IPK_SM
360,L,MTK,G2,SMTA,LL,PDG,IPK_M
361,L,MTK,G3,SRJN,GRD,PNS,IPK_SM
362,L,MTK,G2,SD,LL,PDG,IPK_KM
363,P,MTK,G2,SRJN,LL,PDG,IPK_SM
364,P,MTK,G3,SMTA,LL,PNS,IPK_SM
365,P,MTK,G2,SMP,LL,PDG,IPK_SM
366,P,MTK,G3,SMTA,LL,PNS,IPK_SM
367,L,MTK,G3,SD,BPN,BPN,IPK_KM
368,P,MTK,G3,SMTA,GRD,PDG,IPK_SM
369,P,MTK,G4,SMTA,PNS,LL,IPK_SM
370,P,MTK,G1,SMP,BPN,BPN,IPK_SM
371,P,MTK,G2,SMTA,LL,PS,IPK_M
372,P,MTK,G3,SMTA,LL,PNS,IPK_SM
373,P,MTK,G1,SMTA,LL,PS,IPK_SM
374,P,MTK,G3,SRJN,LL,GRD,IPK_KM
375,L,MTK,G7,SRJN,LL,PS,IPK_SM
376,P,MTK,G3,SMTA,LL,PSN,IPK_SM
377,P,MTK,G3,SMTA,LL,PDG,IPK_SM
378,L,MTK,G4,SMTA,LL,PS,IPK_SM
379,P,MTK,G1,LL,LL,LL,IPK_SM
380,L,MTK,G2,SD,LL,PDG,IPK_SM
381,P,MTK,G2,SMTA,LL,PS,IPK_SM
382,P,MTK,G3,SMP,PDG,PDG,IPK_M
383,L,MTK,G2,SMTA,PDG,PDG,IPK_M
384,L,MTK,G1,SRJN,LL,LL,IPK_M
385,P,MTK,G3,SRJN,GRD,GRD,IPK_SM
386,P,MTK,G4,SMTA,PS,PDG,IPK_KM
387,P,MTK,G1,SD,LL,BPN,IPK_SM
388,L,MTK,G3,SRJN,LL,PDG,IPK_SM
389,P,MTK,G4,SMTA,LL,PS,IPK_SM
390,P,MTK,G3,SMP,LL,BPN,IPK_SM
391,P,MTK,G1,LL,BPN,BPN,IPK_M
392,L,MTK,G3,SRJN,GRD,PS,IPK_SM
393,P,MTK,G3,SMTA,LL,GRD,IPK_SM
394,P,MTK,G3,SMTA,LL,GRD,IPK_SM
395,P,MTK,G3,SMTA,LL,ABRI,IPK_SM
396,P,MTK,G3,SMTA,LL,GRD,IPK_M
397,P,MTK,G4,SRJN,PNS,PNS,IPK_SM
398,L,MTK,G2,SMTA,PDG,GRD,IPK_SM
399,P,MTK,G3,SMP,PDG,PS,IPK_SM
400,P,MTK,G3,SMTA,LL,PS,IPK_SM
401,P,MTK,G5,SRJN,PS,GRD,IPK_KM
402,P,MTK,G3,SD,BPN,GRD,IPK_SM
403,P,MTK,G3,SRJN,PNS,PNS,IPK_SM
404,P,MTK,G1,SMP,PDG,BPN,IPK_M
405,P,MTK,G1,SMTA,LL,PS,IPK_SM
406,L,MTK,G1,SD,BPN,BPN,IPK_SM
407,P,MTK,G2,SMTA,LL,PDG,IPK_SM
408,L,MTK,G3,SMTA,LL,GRD,IPK_SM
409,P,MTK,G2,SMTA,PDG,PDG,IPK_SM
410,P,MTK,G2,SD,LL,PSN,IPK_SM
411,P,MTK,G1,SMTA,LL,LL,IPK_SM
412,P,MTK,G3,SRJN,GRD,GRD,IPK_CUM
413,P,MTK,G2,SMP,PDG,PDG,IPK_KM
414,L,MTK,G4,SMTA,LL,ABRI,IPK_SM
415,P,MTK,G3,SMTA,PS,PS,IPK_SM
416,P,MTK,G3,SD,LL,PSN,IPK_SM
417,P,MTK,G5,SRJN,PDG,PDG,IPK_SM
418,L,MTK,G2,SRJN,PDG,PS,IPK_KM
419,P,MTK,G5,SMTA,PDG,PNS,IPK_SM
420,P,MTK,G3,LL,BPN,BPN,IPK_M
421,P,MTK,G2,LL,PDG,LL,IPK_SM
422,P,MTK,G2,SD,PDG,PDG,IPK_SM
423,P,MTK,G3,SRJN,GRD,GRD,IPK_KM
424,L,MTK,G4,SMTA,PDG,GRD,IPK_KM
425,L,MTK,G3,SMTA,LL,PDG,IPK_SM
426,P,MTK,G4,SRJN,GRD,PDG,IPK_M
427,P,MTK,G2,SMTA,LL,PNS,IPK_M
428,L,MTK,G2,SMTA,PDG,PDG,IPK_KM
429,P,MTK,G3,SMTA,LL,PS,IPK_M
430,P,MTK,G3,SMTA,LL,PNS,IPK_M
431,P,MTK,G3,SMTA,PDG,PDG,IPK_SM
432,P,MTK,G3,SRJN,PS,PDG,IPK_M
433,P,MTK,G5,SMTA,PDG,PDG,IPK_M
434,L,MTK,G3,SMTA,PDG,BPN,IPK_KM
435,P,MTK,G4,SMTA,BPN,PNS,IPK_M
436,P,MTK,G2,SMTA,PDG,GRD,IPK_KM
437,P,MTK,G3,SRJN,GRD,GRD,IPK_M
438,P,MTK,G3,SMTA,LL,ABRI,IPK_M
439,L,MTK,G2,SD,LL,PDG,IPK_M
440,P,MTK,G4,SRJN,GRD,PSN,IPK_M
441,P,MTK,G3,SMTA,LL,PNS,IPK_M
442,P,MTK,G3,SRJN,PNS,PSN,IPK_KM
443,P,MTK,G4,SRJN,LL,PS,IPK_M
444,P,MTK,G2,SMP,BPN,BPN,IPK_SM
445,P,MTK,G3,SRJN,GRD,LL,IPK_SM
446,L,MTK,G2,SD,BPN,BPN,IPK_M
447,P,MTK,G5,SMTA,PDG,PDG,IPK_SM
448,P,MTK,G3,SMTA,PS,BPN,IPK_SM
449,P,MTK,G4,SRJN,PNS,PSN,IPK_CUM
450,L,MTK,G3,SRJN,GRD,PNS,IPK_KM
451,P,MTK,G4,SMTA,PS,GRD,IPK_SM
452,L,MTK,G4,SMTA,GRD,GRD,IPK_SM
453,P,MTK,G3,SMTA,LL,ABRI,IPK_M
454,P,MTK,G3,SMTA,PDG,PDG,IPK_CUM
455,L,MTK,G4,SD,LL,GRD,IPK_KM
456,P,MTK,G3,SD,LL,PS,IPK_SM
457,P,MTK,G5,SRJN,GRD,GRD,IPK_M
458,P,MTK,G3,SMTA,LL,BPN,IPK_SM
459,P,MTK,G5,SMTA,PDG,PNS,IPK_M
460,P,MTK,G2,SRJN,LL,LL,IPK_SM
461,P,MTK,G3,SMP,PDG,LL,IPK_M
462,P,MTK,G4,SRJN,GRD,GRD,IPK_SM
463,P,MTK,G4,SMTA,PDG,PDG,IPK_SM
464,P,MTK,G3,SRJN,PDG,PNS,IPK_M
465,P,MTK,G2,SMTA,PDG,PDG,IPK_M
466,P,MTK,G4,SMTA,PNS,GRD,IPK_M
467,P,MTK,G2,SMTA,LL,PSN,IPK_M
468,P,MTK,G4,SRJN,GRD,GRD,IPK_SM
469,L,MTK,G2,SD,PDG,PDG,IPK_SM
470,P,MTK,G3,SMTA,PS,PNS,IPK_SM
471,P,MTK,G4,SRJN,PDG,PNS,IPK_SM
472,P,MTK,G3,SMP,LL,PDG,IPK_SM
473,P,MTK,G2,SMTA,PDG,PDG,IPK_SM
474,L,MTK,G2,SD,BPN,PDG,IPK_SM
475,P,MTK,G4,SMTA,LL,GRD,IPK_SM
476,P,MTK,G3,SMTA,LL,PS,IPK_SM
477,P,MTK,G3,SRJN,GRD,PNS,IPK_M
478,L,MTK,G3,SD,BPN,BPN,IPK_KM
479,L,MTK,G3,SMTA,LL,PNS,IPK_SM
480,P,MTK,G2,LL,LL,BPN,IPK_CUM
481,P,MTK,G1,SMP,BPN,BPN,IPK_CUM
482,L,MTK,G3,SMTA,LL,PDG,IPK_M
483,P,MTK,G2,SRJN,PDG,PDG,IPK_SM
484,P,MTK,G1,SMP,LL,PDG,IPK_SM
485,P,MTK,G3,SMTA,PDG,PNS,IPK_M
486,P,MTK,G1,SMTA,PDG,LL,IPK_SM
487,L,MTK,G6,SRJN,PS,PNS,IPK_M
488,L,MTK,G3,SMP,BPN,PS,IPK_SM
489,P,MTK,G3,SD,PDG,BPN,IPK_CUM
490,P,MTK,G3,SMP,LL,PNS,IPK_M
491,P,MTK,G2,SMP,PDG,PDG,IPK_SM
492,P,MTK,G2,SMTA,LL,PS,IPK_SM
493,P,MTK,G2,SMTA,LL,BPN,IPK_SM
494,P,MTK,G3,SMTA,LL,PDG,IPK_SM
495,L,MTK,G4,SMTA,LL,PS,IPK_M
496,P,MTK,G4,SMTA,BPN,GRD,IPK_SM
497,P,MTK,G1,SD,PDG,PS,IPK_SM
498,P,MTK,G3,SMTA,PNS,PS,IPK_SM
499,L,MTK,G4,SRJN,PNS,GRD,IPK_SM
500,L,MTK,G1,SD,BPN,BPN,IPK_M
501,P,MTK,G3,SMTA,LL,PNS,IPK_SM
502,P,MTK,G7,SRJN,PS,PS,IPK_SM
503,P,MTK,G3,SMTA,PDG,PDG,IPK_M
504,L,MTK,G4,SMTA,PS,PS,IPK_SM
505,P,MTK,G2,SMTA,LL,PDG,IPK_M
506,P,MTK,G4,SRJN,PDG,PNS,IPK_M
507,P,MTK,G3,SMP,PDG,PDG,IPK_SM
508,P,MTK,G3,SMTA,LL,PSN,IPK_CUM
509,P,MTK,G5,SMTA,PDG,PDG,IPK_SM
510,P,MTK,G4,SMTA,LL,PNS,IPK_M
511,P,MTK,G6,SMTA,LL,LL,IPK_SM
512,P,MTK,G3,SD,PDG,BPN,IPK_SM
513,P,MTK,G3,SMP,LL,BPN,IPK_M
514,P,MTK,G4,SMTA,LL,ABRI,IPK_SM
515,P,MTK,G3,SMTA,PDG,LL,IPK_SM
516,P,MTK,G5,SRJN,GRD,PDG,IPK_SM
517,P,MTK,G4,SMTA,LL,PDG,IPK_SM
518,P,MTK,G2,SD,BPN,BPN,IPK_SM
519,P,MTK,G3,LL,LL,PDG,IPK_SM
520,P,MTK,G1,SD,BPN,BPN,IPK_SM
521,P,MTK,G4,SRJN,PNS,GRD,IPK_SM
522,P,MTK,G1,SMP,LL,PDG,IPK_CUM
523,L,MTK,G3,SRJN,LL,PSN,IPK_M
524,P,MTK,G3,SMTA,PDG,PDG,IPK_CUM
525,L,MTK,G3,SRJN,PDG,PNS,IPK_SM
526,P,MTK,G3,SMTA,LL,PDG,IPK_SM
527,P,MTK,G1,LL,LL,LL,IPK_SM
528,P,MTK,G2,SD,LL,BPN,IPK_SM
529,L,MTK,G3,SMTA,LL,PS,IPK_SM
530,P,MTK,G2,LL,BPN,BPN,IPK_SM
531,P,MTK,G1,LL,BPN,BPN,IPK_SM
532,L,MTK,G2,LL,LL,PDG,IPK_M
533,P,MTK,G3,SMTA,LL,PSN,IPK_CUM
534,P,MTK,G3,SMTA,PDG,PDG,IPK_SM
535,P,MTK,G4,SRJN,GRD,PDG,IPK_M
536,L,MTK,G2,SD,LL,PDG,IPK_M
537,P,MTK,G5,SRJN,PS,PDG,IPK_SM
538,P,MTK,G3,SRJN,PDG,PDG,IPK_SM
539,P,MTK,G4,SRJN,GRD,GRD,IPK_SM
540,P,MTK,G3,LL,LL,PDG,IPK_SM
541,P,MTK,G2,SMP,LL,PSN,IPK_M
542,L,MTK,G3,SMTA,PDG,PDG,IPK_SM
543,P,MTK,G3,SRJN,PDG,LL,IPK_SM
544,P,MTK,G3,SMTA,LL,BPN,IPK_SM
545,P,MTK,G2,SMTA,BPN,BPN,IPK_M
546,P,MTK,G4,SRJN,GRD,GRD,IPK_KM
547,P,MTK,G3,SMTA,LL,PS,IPK_M
548,L,MTK,G2,LL,LL,BPN,IPK_SM
549,L,MTK,G2,SMP,LL,LL,IPK_SM
550,P,MTK,G4,LL,LL,GRD,IPK_SM
551,L,MTK,G4,SMTA,PDG,GRD,IPK_SM
552,P,MTK,G4,SRJN,PDG,PNS,IPK_M
553,P,MTK,G4,SRJN,LL,PNS,IPK_SM
554,P,MTK,G2,SMTA,PSN,PSN,IPK_SM
555,P,MTK,G2,SMP,LL,LL,IPK_SM
556,P,MTK,G4,SMTA,LL,GRD,IPK_CUM
557,L,MTK,G2,SRJN,PSN,LL,IPK_SM
558,L,MTK,G4,SRJN,GRD,GRD,IPK_SM
559,P,MTK,G2,LL,PDG,LL,IPK_SM
560,P,MTK,G2,SMTA,BPN,BPN,IPK_SM
561,P,MTK,G2,SD,PDG,PDG,IPK_SM
562,P,MTK,G3,SD,LL,PS,IPK_M
563,P,MTK,G2,SD,LL,PDG,IPK_SM
564,P,MTK,G3,SMTA,LL,PS,IPK_SM
565,L,MTK,G4,SRJN,GRD,GRD,IPK_SM
566,P,MTK,G3,SMTA,LL,LL,IPK_M
567,P,MTK,G4,SMTA,PNS,PSN,IPK_SM
568,P,MTK,G4,SRJN,PSN,GRD,IPK_SM
569,P,MTK,G4,SRJN,GRD,GRD,IPK_SM
570,P,MTK,G3,SRJN,GRD,GRD,IPK_SM
571,P,MTK,G2,SMTA,BPN,BPN,IPK_M
572,P,MTK,G3,SMTA,PDG,LL,IPK_SM
573,L,MTK,G4,SMP,LL,PDG,IPK_SM
574,L,MTK,G5,SRJN,PNS,GRD,IPK_SM
575,P,MTK,G4,SRJN,PDG,GRD,IPK_M
576,P,MTK,G4,SMTA,PS,PS,IPK_SM
577,L,MTK,G3,SRJN,PNS,GRD,IPK_SM
578,P,MTK,G6,SMTA,PDG,PDG,IPK_SM
579,P,MTK,G3,SRJN,PDG,GRD,IPK_SM
580,P,MTK,G2,SMP,PDG,PDG,IPK_SM
581,P,MTK,G2,LL,LL,PDG,IPK_SM
582,P,MTK,G7,SRJN,LL,PS,IPK_SM
583,P,MTK,G3,SMP,LL,PS,IPK_SM
584,P,MTK,G2,SD,LL,PDG,IPK_CUM
585,P,MTK,G2,SMP,LL,PS,IPK_SM
586,L,MTK,G7,SRJN,GRD,GRD,IPK_SM
587,P,MTK,G4,SMTA,PDG,PDG,IPK_SM
588,L,MTK,G4,SRJN,GRD,GRD,IPK_SM
589,P,MTK,G3,SRJN,GRD,ABRI,IPK_SM
590,P,MTK,G5,SRJN,GRD,GRD,IPK_SM
591,P,MTK,G2,SMTA,LL,PDG,IPK_SM
592,P,MTK,G3,SMTA,BPN,BPN,IPK_SM
593,P,MTK,G2,SD,BPN,BPN,IPK_KM
594,P,MTK,G3,SMTA,LL,PS,IPK_SM
595,P,MTK,G4,SRJN,PNS,GRD,IPK_SM
596,L,MTK,G3,SMTA,LL,PNS,IPK_SM
597,L,MTK,G1,SRJN,LL,LL,IPK_SM
598,P,MTK,G2,SMTA,PDG,LL,IPK_SM
599,P,MTK,G4,SMTA,LL,PS,IPK_SM
600,P,MTK,G6,SMP,PDG,PS,IPK_SM
601,P,MTK,G3,SMP,PDG,PDG,IPK_SM
602,P,MTK,G4,SRJN,PNS,PDG,IPK_SM
603,P,MTK,G3,SMTA,LL,PS,IPK_SM
604,P,MTK,G2,SMTA,BPN,LL,IPK_CUM
605,P,MTK,G4,SMTA,LL,PS,IPK_SM
606,L,MTK,G2,LL,LL,BPN,IPK_SM
607,P,MTK,G2,SMTA,GRD,BPN,IPK_SM
608,L,MTK,G3,SD,PDG,BPN,IPK_SM
609,P,MTK,G3,SMTA,PDG,LL,IPK_SM
610,P,MTK,G4,SMTA,PDG,LL,IPK_SM
611,L,BIO,G3,SMP,LL,GRD,IPK_KM
612,P,BIO,G2,SRJN,GRD,GRD,IPK_M
613,P,BIO,G3,SMTA,LL,PNS,IPK_SM
614,P,BIO,G3,SD,LL,PDG,IPK_SM
615,P,BIO,G3,SRJN,GRD,PNS,IPK_M
616,L,BIO,G2,SMTA,LL,PS,IPK_M
617,P,BIO,G3,SRJN,GRD,GRD,IPK_SM
618,P,BIO,G3,SMP,PDG,PDG,IPK_SM
619,P,BIO,G3,SMP,LL,PS,IPK_SM
620,P,BIO,G2,SMTA,PDG,PDG,IPK_SM
621,P,BIO,G3,SMTA,LL,BPN,IPK_CUM
622,L,BIO,G2,SD,BPN,BPN,IPK_SM
623,P,BIO,G1,SD,LL,PDG,IPK_SM
624,P,BIO,G3,SRJN,PNS,LL,IPK_CUM
625,P,BIO,G3,SMTA,PDG,PDG,IPK_SM
626,L,BIO,G1,SRJN,GRD,PNS,IPK_KM
627,P,BIO,G3,LL,PS,PS,IPK_SM
628,L,BIO,G4,SRJN,LL,PSN,IPK_CUM
629,P,BIO,G1,SD,LL,PS,IPK_SM
630,P,BIO,G2,SMTA,LL,GRD,IPK_SM
631,P,BIO,G2,SRJN,PS,PS,IPK_SM
632,L,BIO,G2,SRJN,GRD,GRD,IPK_M
633,P,BIO,G1,SMTA,BPN,PDG,IPK_SM
634,L,BIO,G1,LL,BPN,BPN,IPK_M
635,P,BIO,G2,SMP,LL,LL,IPK_SM
636,P,BIO,G2,SMTA,PDG,GRD,IPK_SM
637,P,BIO,G2,SRJN,GRD,PSN,IPK_SM
638,P,BIO,G3,SMTA,PDG,PDG,IPK_SM
639,P,BIO,G3,SRJN,GRD,ABRI,IPK_SM
640,P,BIO,G3,SD,PDG,PDG,IPK_SM
641,P,BIO,G2,SD,PDG,PSN,IPK_M
642,P,BIO,G2,SD,BPN,BPN,IPK_CUM
643,L,BIO,G3,SRJN,GRD,GRD,IPK_SM
644,P,BIO,G2,SMP,LL,PS,IPK_SM
645,L,BIO,G3,SMTA,LL,GRD,IPK_SM
646,P,BIO,G4,SMTA,LL,LL,IPK_SM
647,P,BIO,G1,SMTA,BPN,LL,IPK_SM
648,P,BIO,G3,SRJN,GRD,GRD,IPK_SM
649,P,BIO,G2,SMTA,PNS,PDG,IPK_SM
650,P,BIO,G1,SMTA,GRD,GRD,IPK_SM
651,P,BIO,G3,SRJN,GRD,PSN,IPK_SM
652,P,BIO,G3,SD,LL,GRD,IPK_M
653,P,BIO,G3,SMTA,LL,PSN,IPK_SM
654,P,BIO,G1,SD,BPN,BPN,IPK_CUM
655,L,BIO,G4,SMTA,GRD,GRD,IPK_KM
656,L,BIO,G3,SD,LL,PDG,IPK_M
657,P,BIO,G4,SMTA,LL,PNS,IPK_SM
658,P,BIO,G2,SMP,LL,PSN,IPK_SM
659,P,BIO,G3,SD,PDG,PDG,IPK_CUM
660,L,BIO,G3,SMTA,LL,PNS,IPK_SM
661,P,BIO,G3,SRJN,GRD,PDG,IPK_M
662,P,BIO,G2,SMTA,PDG,PDG,IPK_SM
663,P,BIO,G3,SRJN,GRD,PSN,IPK_SM
664,P,BIO,G2,LL,LL,PDG,IPK_M
665,P,BIO,G2,SMTA,PDG,PS,IPK_SM
666,P,BIO,G2,SMTA,LL,PDG,IPK_SM
667,L,BIO,G2,SMP,LL,GRD,IPK_M
668,L,BIO,G2,SMTA,PDG,PSN,IPK_M
669,P,BIO,G3,LL,LL,PDG,IPK_M
670,P,BIO,G2,SD,LL,PDG,IPK_M
671,P,BIO,G3,SD,PDG,PDG,IPK_M
672,P,BIO,G3,SRJN,PNS,LL,IPK_M
673,P,BIO,G1,SD,BPN,BPN,IPK_SM
674,P,BIO,G2,SMP,LL,PDG,IPK_SM
675,L,BIO,G2,SMTA,PDG,PDG,IPK_KM
676,P,BIO,G3,SMTA,LL,GRD,IPK_CUM
677,L,BIO,G3,SRJN,LL,PDG,IPK_M
678,P,BIO,G2,SRJN,GRD,GRD,IPK_M
679,P,BIO,G2,SRJN,PS,PS,IPK_SM
680,P,BIO,G3,SRJN,GRD,PNS,IPK_SM
681,P,BIO,G2,SMP,LL,PDG,IPK_CUM
682,P,BIO,G2,SMTA,LL,PDG,IPK_SM
683,L,BIO,G3,SMTA,PDG,PNS,IPK_M
684,P,BIO,G3,SMP,LL,PNS,IPK_SM
685,P,BIO,G2,SD,BPN,BPN,IPK_SM
686,P,BIO,G1,SD,PDG,PDG,IPK_SM
687,P,BIO,G3,SRJN,GRD,GRD,IPK_SM
688,P,BIO,G2,SMP,BPN,BPN,IPK_SM
689,P,BIO,G1,SD,LL,BPN,IPK_SM
690,P,BIO,G3,SMTA,LL,PSN,IPK_M
691,P,BIO,G3,SRJN,GRD,GRD,IPK_SM
692,P,BIO,G1,SD,LL,PNS,IPK_SM
693,P,BIO,G2,SMP,PS,PNS,IPK_SM
694,P,BIO,G3,SRJN,GRD,LL,IPK_M
695,P,BIO,G2,LL,BPN,BPN,IPK_SM
696,L,BIO,G2,SMTA,BPN,PS,IPK_M
697,P,BIO,G2,SD,LL,PDG,IPK_SM
698,P,BIO,G3,SRJN,PS,PS,IPK_SM
699,L,BIO,G3,SRJN,GRD,PNS,IPK_KM
700,P,BIO,G1,SD,PDG,PDG,IPK_SM
701,P,BIO,G1,SRJN,LL,LL,IPK_M
702,P,BIO,G3,SMTA,LL,PSN,IPK_CUM
703,P,BIO,G2,SMP,BPN,PSN,IPK_SM
704,L,BIO,G3,SRJN,GRD,PDG,IPK_SM
705,P,BIO,G3,SMTA,LL,PNS,IPK_SM
706,P,BIO,G3,SMTA,PDG,PNS,IPK_M
707,P,BIO,G3,SMTA,PS,GRD,IPK_SM
708,P,BIO,G3,SMTA,PNS,GRD,IPK_SM
709,P,BIO,G3,SD,BPN,PNS,IPK_M
710,L,BIO,G2,SRJN,LL,PSN,IPK_CUM
711,P,BIO,G2,SD,PDG,PDG,IPK_M
712,P,BIO,G2,SMTA,PS,PDG,IPK_SM
713,P,BIO,G3,SMTA,LL,PNS,IPK_SM
714,P,BIO,G3,SMTA,LL,PDG,IPK_M
715,P,BIO,G4,SRJN,GRD,GRD,IPK_CUM
716,P,BIO,G2,SD,LL,PS,IPK_M
717,P,BIO,G3,SMTA,PDG,PNS,IPK_SM
718,P,BIO,G3,SMTA,PS,GRD,IPK_SM
719,P,BIO,G3,SMTA,LL,GRD,IPK_SM
720,P,BIO,G3,SMP,LL,PNS,IPK_SM
721,P,BIO,G3,SMTA,GRD,GRD,IPK_SM
722,P,BIO,G1,SD,LL,BPN,IPK_M
723,P,BIO,G3,SMTA,LL,GRD,IPK_SM
724,P,BIO,G2,LL,BPN,BPN,IPK_KM
725,P,BIO,G3,SD,BPN,PSN,IPK_SM
726,P,BIO,G2,SRJN,LL,GRD,IPK_CUM
727,P,BIO,G3,SMTA,LL,ABRI,IPK_SM
728,P,BIO,G2,LL,PDG,BPN,IPK_CUM
729,P,BIO,G1,SRJN,GRD,BPN,IPK_SM
730,L,BIO,G4,SRJN,GRD,PS,IPK_SM
731,P,BIO,G2,SD,PDG,PDG,IPK_CUM
732,P,BIO,G2,LL,PDG,PDG,IPK_SM
733,P,BIO,G3,SRJN,GRD,GRD,IPK_SM
734,P,BIO,G3,SRJN,GRD,LL,IPK_SM
735,P,BIO,G2,SMTA,LL,LL,IPK_CUM
736,P,BIO,G3,SRJN,GRD,PS,IPK_CUM
737,P,BIO,G4,SRJN,PS,PSN,IPK_SM
738,P,BIO,G4,SRJN,GRD,ABRI,IPK_CUM
739,P,BIO,G3,SRJN,PNS,LL,IPK_CUM
740,P,BIO,G4,SRJN,PNS,PNS,IPK_SM
741,P,BIO,G2,SD,LL,PDG,IPK_SM
742,P,BIO,G3,SMTA,PNS,ABRI,IPK_SM
743,L,BIO,G4,SMP,PDG,PDG,IPK_SM
744,L,BIO,G3,SRJN,PDG,PNS,IPK_M
745,P,BIO,G3,SRJN,GRD,PDG,IPK_SM
746,P,BIO,G2,SRJN,PDG,PNS,IPK_CUM
747,P,BIO,G3,SD,PDG,PDG,IPK_SM
748,L,BIO,G3,SMTA,PNS,PNS,IPK_SM
749,P,BIO,G3,SD,PDG,PDG,IPK_SM
750,P,BIO,G3,SRJN,GRD,LL,IPK_SM
751,P,BIO,G2,SD,LL,PDG,IPK_SM
752,P,BIO,G4,LL,BPN,BPN,IPK_SM
753,P,BIO,G2,SMTA,PDG,PDG,IPK_CUM
754,P,BIO,G1,SD,PDG,PDG,IPK_SM
755,P,BIO,G4,SRJN,GRD,GRD,IPK_SM
756,P,BIO,G2,SMTA,PS,BPN,IPK_SM
757,P,BIO,G6,SRJN,PNS,PNS,IPK_M
758,L,BIO,G4,SRJN,PNS,PS,IPK_M
759,L,BIO,G1,SD,BPN,BPN,IPK_SM
760,L,BIO,G3,SRJN,GRD,PDG,IPK_SM
761,P,BIO,G2,SMP,LL,BPN,IPK_SM
762,P,BIO,G4,SD,LL,PS,IPK_SM
763,P,BIO,G2,SMTA,PS,BPN,IPK_SM
764,P,BIO,G2,SRJN,GRD,PDG,IPK_CUM
765,P,BIO,G4,SMTA,GRD,PDG,IPK_SM
766,P,BIO,G3,LL,PDG,PDG,IPK_SM
767,P,BIO,G1,LL,BPN,BPN,IPK_SM
768,P,BIO,G2,SMTA,PDG,GRD,IPK_SM
769,P,BIO,G3,SRJN,GRD,GRD,IPK_M
770,P,BIO,G2,SMTA,LL,PDG,IPK_M
771,P,BIO,G2,SD,PDG,PS,IPK_SM
772,P,BIO,G4,SRJN,LL,PS,IPK_CUM
773,P,BIO,G2,LL,LL,BPN,IPK_SM
774,P,BIO,G4,SMTA,LL,PNS,IPK_M
775,L,BIO,G4,SRJN,PSN,PNS,IPK_M
776,P,BIO,G3,SMP,PDG,GRD,IPK_SM
777,P,BIO,G3,LL,BPN,BPN,IPK_M
778,L,BIO,G4,SD,LL,PDG,IPK_KM
779,P,BIO,G5,SMTA,LL,PS,IPK_M
780,L,BIO,G2,SMTA,LL,PNS,IPK_SM
781,L,BIO,G1,SMTA,PS,BPN,IPK_SM
782,P,BIO,G2,SD,PDG,PDG,IPK_SM
783,P,BIO,G3,LL,LL,LL,IPK_KM
784,P,BIO,G4,SRJN,PS,PS,IPK_SM
785,P,BIO,G4,SMTA,LL,GRD,IPK_SM
786,L,BIO,G3,SMP,PDG,PDG,IPK_CUM
787,P,BIO,G1,LL,BPN,BPN,IPK_SM
788,P,BIO,G3,SRJN,GRD,PS,IPK_SM
789,L,BIO,G3,SRJN,GRD,GRD,IPK_SM
790,L,BIO,G4,SRJN,PNS,PDG,IPK_SM
791,P,BIO,G3,SMTA,PDG,PDG,IPK_SM
792,L,BIO,G1,SMTA,BPN,BPN,IPK_SM
793,P,BIO,G3,SD,PDG,BPN,IPK_SM
794,P,BIO,G4,SMTA,LL,PDG,IPK_SM
795,P,BIO,G1,SMP,LL,PDG,IPK_M
796,L,BIO,G4,SD,PDG,PDG,IPK_SM
797,P,BIO,G4,SRJN,GRD,GRD,IPK_CUM
798,P,BIO,G3,SMTA,PDG,GRD,IPK_CUM
799,P,BIO,G4,SRJN,GRD,GRD,IPK_SM
800,P,BIO,G3,SMTA,PDG,PNS,IPK_SM
801,P,BIO,G4,SRJN,GRD,PNS,IPK_SM
802,P,BIO,G4,SMP,LL,PS,IPK_SM
803,P,BIO,G4,SMTA,LL,GRD,IPK_CUM
804,P,BIO,G3,SRJN,GRD,GRD,IPK_M
805,P,BIO,G4,SRJN,LL,PDG,IPK_SM
806,L,BIO,G2,LL,PS,PS,IPK_SM
807,P,BIO,G2,SD,LL,LL,IPK_M
808,L,BIO,G3,SRJN,LL,GRD,IPK_SM
809,P,BIO,G4,SRJN,PDG,PNS,IPK_SM
810,P,BIO,G3,SMTA,PS,PSN,IPK_SM
811,P,BIO,G3,SD,LL,PDG,IPK_SM
812,P,BIO,G2,SMTA,PDG,PS,IPK_KM
813,P,BIO,G3,SMTA,PDG,PDG,IPK_SM
814,P,BIO,G2,SMTA,BPN,BPN,IPK_CUM
815,P,BIO,G3,SRJN,PNS,PSN,IPK_CUM
816,P,BIO,G2,SMP,PDG,PDG,IPK_CUM
817,P,BIO,G2,SRJN,PDG,PDG,IPK_CUM
818,P,BIO,G2,SMTA,LL,PS,IPK_CUM
819,L,BIO,G2,SMP,PDG,BPN,IPK_M
820,P,BIO,G5,SRJN,GRD,PSN,IPK_SM
821,P,BIO,G4,SMTA,PDG,GRD,IPK_KM
822,L,BIO,G2,SMP,LL,PSN,IPK_KM
823,P,BIO,G3,SRJN,GRD,PNS,IPK_M
824,P,BIO,G3,SRJN,PSN,PNS,IPK_M
825,P,BIO,G6,SMP,PDG,PDG,IPK_M
826,L,BIO,G4,SMTA,LL,PNS,IPK_M
827,L,BIO,G3,SMTA,PDG,PDG,IPK_SM
828,P,BIO,G4,SMP,LL,PDG,IPK_SM
829,P,BIO,G2,SMP,LL,PDG,IPK_SM
830,P,BIO,G4,SRJN,LL,PDG,IPK_CUM
831,P,BIO,G2,SMP,PDG,PDG,IPK_SM
832,P,BIO,G4,SRJN,GRD,GRD,IPK_SM
833,L,BIO,G2,SRJN,GRD,GRD,IPK_SM
834,P,BIO,G4,SRJN,LL,PDG,IPK_SM
835,P,BIO,G4,SMTA,PNS,ABRI,IPK_SM
836,P,BIO,G4,SRJN,GRD,PNS,IPK_SM
837,P,BIO,G3,SMP,PDG,PDG,IPK_SM
838,P,BIO,G2,SMTA,PDG,BPN,IPK_SM
839,P,BIO,G6,SMP,LL,PDG,IPK_CUM
840,P,BIO,G4,SRJN,PNS,GRD,IPK_SM
841,P,BIO,G4,SRJN,LL,LL,IPK_CUM
842,P,BIO,G2,SMTA,LL,PS,IPK_SM
843,L,BIO,G4,SRJN,BPN,PNS,IPK_SM
844,P,BIO,G7,SRJN,GRD,PNS,IPK_M
845,P,BIO,G2,SMTA,PDG,PDG,IPK_SM
846,P,BIO,G2,SD,LL,BPN,IPK_CUM
847,P,BIO,G2,SMTA,LL,BPN,IPK_SM
848,L,BIO,G7,SMTA,LL,PNS,IPK_M
849,L,BIO,G4,SRJN,LL,PNS,IPK_M
850,P,BIO,G4,SRJN,GRD,LL,IPK_SM
851,P,BIO,G3,SMTA,LL,PSN,IPK_CUM
852,L,BIO,G4,SMTA,GRD,PNS,IPK_SM
853,L,BIO,G3,SMTA,PS,PS,IPK_SM
854,P,BIO,G3,SD,PDG,PDG,IPK_SM
855,P,BIO,G2,SMP,BPN,BPN,IPK_SM
856,P,BIO,G2,SMTA,PDG,PSN,IPK_SM
857,P,BIO,G3,SMP,PDG,LL,IPK_SM
858,P,BIO,G3,SRJN,PDG,PDG,IPK_SM
859,P,BIO,G4,SRJN,PNS,GRD,IPK_SM
860,P,BIO,G4,SRJN,GRD,GRD,IPK_SM
861,L,BIO,G4,SMTA,LL,PNS,IPK_SM
862,P,BIO,G3,LL,LL,PDG,IPK_SM
863,P,BIO,G4,SRJN,LL,PDG,IPK_CUM
864,L,BIO,G2,SD,LL,PDG,IPK_SM
865,P,BIO,G4,SRJN,LL,PNS,IPK_SM
866,P,BIO,G2,SD,PDG,PDG,IPK_SM
867,P,BIO,G2,SMTA,LL,PDG,IPK_SM
868,P,BIO,G6,SRJN,GRD,PSN,IPK_SM
869,P,BIO,G3,SD,LL,PDG,IPK_SM
870,P,BIO,G2,SMTA,LL,LL,IPK_SM
871,P,BIO,G3,SRJN,GRD,PSN,IPK_SM
872,P,BIO,G2,SD,BPN,BPN,IPK_SM
873,P,BIO,G1,SD,BPN,BPN,IPK_SM
874,P,BIO,G3,SRJN,GRD,BPN,IPK_SM
875,P,BIO,G2,SMTA,LL,PS,IPK_SM
876,L,BIO,G4,SMTA,LL,ABRI,IPK_CUM
877,L,BIO,G3,SRJN,LL,GRD,IPK_SM
878,P,BIO,G2,SD,PDG,LL,IPK_SM
879,L,BIO,G3,SRJN,GRD,BPN,IPK_SM
880,L,BIO,G2,SD,PDG,PDG,IPK_SM
881,P,BIO,G5,SRJN,LL,PS,IPK_SM
882,L,BIO,G4,SMTA,LL,GRD,IPK_SM
883,P,BIO,G2,SMTA,LL,PDG,IPK_SM
884,P,BIO,G3,SMP,LL,PDG,IPK_SM
885,P,BIO,G6,SMTA,LL,PS,IPK_SM
886,L,BIO,G2,SMTA,LL,BPN,IPK_M
887,P,BIO,G3,LL,PDG,PS,IPK_SM
888,P,BIO,G4,SMTA,LL,PNS,IPK_SM
889,P,BIO,G2,SD,LL,LL,IPK_SM
890,L,BIO,G1,SD,PDG,BPN,IPK_SM
891,P,BIO,G7,SMTA,LL,PS,IPK_SM
892,P,BIO,G3,SRJN,PDG,LL,IPK_SM
893,P,BIO,G6,SMTA,LL,PS,IPK_SM
894,P,BIO,G3,LL,LL,PNS,IPK_SM
895,P,BIO,G5,SRJN,GRD,PS,IPK_SM
896,P,BIO,G2,LL,BPN,BPN,IPK_SM
897,L,BIO,G2,SD,BPN,BPN,IPK_SM
898,P,BIO,G3,SMTA,LL,PS,IPK_CUM
899,P,BIO,G4,SRJN,GRD,GRD,IPK_CUM
900,P,BIO,G3,SMP,LL,BPN,IPK_CUM
901,P,BIO,G7,SRJN,LL,GRD,IPK_SM
902,P,BIO,G6,SMTA,GRD,LL,IPK_CUM
903,L,BIO,G4,SRJN,LL,PS,IPK_SM
904,L,BIO,G5,SMTA,LL,PS,IPK_CUM
905,P,BIO,G3,SMTA,PDG,PDG,IPK_SM
906,P,BIO,G1,SD,BPN,BPN,IPK_SM
907,P,BIO,G4,LL,LL,PDG,IPK_SM
908,P,BIO,G1,LL,PDG,BPN,IPK_SM
909,P,BIO,G4,SMTA,LL,PS,IPK_SM
910,P,BIO,G2,SD,BPN,BPN,IPK_CUM
911,L,BIO,G3,SMTA,PS,PNS,IPK_SM
912,L,BIO,G2,SRJN,PDG,BPN,IPK_SM
913,P,BIO,G3,SMP,PS,PDG,IPK_CUM
914,P,BIO,G4,SMP,PDG,PDG,IPK_SM
915,L,BIO,G3,SMTA,PDG,PSN,IPK_SM
916,L,BIO,G3,SMTA,LL,ABRI,IPK_SM
917,P,BIO,G4,SRJN,GRD,BPN,IPK_SM
918,P,BIO,G2,SMTA,PDG,PDG,IPK_CUM
919,P,BIO,G4,SRJN,LL,PS,IPK_SM
920,P,BIO,G3,SD,BPN,BPN,IPK_CUM
921,L,BIO,G2,SRJN,LL,PS,IPK_SM
922,P,BIO,G3,SRJN,LL,PDG,IPK_CUM
923,P,BIO,G4,SMTA,LL,PDG,IPK_SM
924,L,BIO,G3,SMTA,BPN,BPN,IPK_SM
925,P,BIO,G3,SMP,PDG,PS,IPK_SM
926,P,BIO,G2,SMP,LL,BPN,IPK_CUM
927,P,BIO,G4,SRJN,PS,PNS,IPK_CUM
928,P,BIO,G4,SMTA,LL,GRD,IPK_SM
929,P,BIO,G2,SMTA,PDG,PDG,IPK_SM
930,P,BIO,G3,SMP,LL,PSN,IPK_CUM
931,P,BIO,G3,SMTA,LL,PNS,IPK_CUM
932,P,BIO,G2,SMTA,LL,LL,IPK_CUM
933,P,BIO,G3,SMTA,PDG,PDG,IPK_SM
934,L,BIO,G7,SRJN,LL,PNS,IPK_CUM
935,P,BIO,G4,SRJN,BPN,PNS,IPK_SM
936,L,BIO,G3,SRJN,GRD,GRD,IPK_SM
937,P,BIO,G4,SRJN,PNS,PNS,IPK_SM
938,P,BIO,G4,SRJN,LL,ABRI,IPK_CUM
939,P,BIO,G4,SMTA,LL,LL,IPK_SM
940,P,BIO,G2,LL,LL,BPN,IPK_CUM
941,P,BIO,G3,SD,LL,PDG,IPK_SM
942,P,BIO,G2,SMP,LL,BPN,IPK_SM
943,P,BIO,G3,SMTA,LL,PDG,IPK_CUM
944,P,BIO,G3,SMP,PS,PS,IPK_SM
945,P,BIO,G2,SD,PDG,PDG,IPK_SM
946,P,BIO,G5,SRJN,LL,GRD,IPK_SM
947,P,BIO,G2,SD,BPN,BPN,IPK_SM
948,L,BIO,G4,SMTA,LL,GRD,IPK_CUM
949,L,IF,G3,SRJN,LL,PS,IPK_CUM
950,L,IF,G2,SMTA,PDG,PDG,IPK_SM
951,L,IF,G3,SMTA,LL,GRD,IPK_SM
952,L,IF,G3,SMTA,GRD,LL,IPK_M
953,L,IF,G4,SD,LL,PNS,IPK_SM
954,L,IF,G3,SMTA,LL,BPN,IPK_SM
955,L,IF,G4,SRJN,PNS,PNS,IPK_SM
956,P,IF,G3,SRJN,PNS,LL,IPK_SM
957,L,IF,G2,SD,LL,PNS,IPK_SM
958,L,IF,G2,SMTA,LL,LL,IPK_SM
959,L,IF,G3,SMTA,PDG,PNS,IPK_SM
960,P,IF,G3,SMTA,LL,PS,IPK_SM
961,P,IF,G3,SD,PDG,BPN,IPK_SM
962,L,IF,G3,SRJN,GRD,GRD,IPK_SM
963,L,IF,G3,SRJN,GRD,PNS,IPK_SM
964,P,IF,G3,SMTA,LL,GRD,IPK_SM
965,P,IF,G3,SMTA,PS,PS,IPK_CUM
966,L,IF,G2,SMTA,LL,PNS,IPK_SM
967,P,IF,G3,SRJN,LL,PNS,IPK_SM
968,L,IF,G3,SD,PDG,PDG,IPK_M
969,P,IF,G2,SD,LL,PNS,IPK_SM
970,P,IF,G3,SRJN,GRD,PSN,IPK_CUM
971,P,IF,G4,SRJN,GRD,PNS,IPK_SM
972,P,IF,G3,SRJN,GRD,GRD,IPK_SM
973,P,IF,G3,SMTA,GRD,GRD,IPK_SM
974,P,IF,G4,SRJN,GRD,GRD,IPK_CUM
975,P,IF,G3,SMTA,LL,GRD,IPK_CUM
976,L,IF,G4,SMTA,LL,PNS,IPK_SM
977,P,IF,G4,SRJN,GRD,GRD,IPK_SM
978,P,IF,G4,SRJN,PNS,PNS,IPK_CUM
979,P,IF,G4,SRJN,LL,LL,IPK_SM
980,L,IF,G4,SRJN,GRD,PSN,IPK_SM
981,P,IF,G4,SRJN,PDG,PNS,IPK_CUM
982,P,IF,G4,SRJN,LL,PNS,IPK_SM
983,L,IF,G2,SMTA,LL,PSN,IPK_SM
984,P,IF,G3,SRJN,LL,PNS,IPK_SM
985,P,IF,G3,SRJN,PSN,PSN,IPK_CUM
986,L,IF,G2,SD,BPN,BPN,IPK_CUM
987,L,IF,G4,SRJN,PS,PNS,IPK_KM
988,P,IF,G6,SRJN,GRD,PNS,IPK_SM
989,L,IF,G4,SRJN,PNS,GRD,IPK_CUM
990,L,IF,G3,SMTA,LL,GRD,IPK_SM
991,L,IF,G3,SD,PDG,PNS,IPK_SM
992,L,IF,G5,SMTA,LL,PDG,IPK_M
993,P,IF,G4,SMTA,PNS,PS,IPK_CUM
994,P,IF,G1,SRJN,PDG,PDG,IPK_SM
995,L,IF,G3,SMP,PDG,GRD,IPK_M
996,L,IF,G4,LL,LL,PDG,IPK_SM
997,L,IF,G4,SRJN,GRD,GRD,IPK_CUM
998,P,IF,G3,SMP,LL,PSN,IPK_CUM
999,P,IF,G4,LL,LL,PS,IPK_CUM
1000,L,IF,G4,SRJN,LL,PNS,IPK_CUM
1001,P,IF,G2,SMTA,LL,PSN,IPK_SM
1002,L,IF,G7,SMTA,PDG,PDG,IPK_M
1003,P,IF,G3,SD,PDG,PDG,IPK_CUM
1004,P,IF,G3,SMTA,LL,PS,IPK_SM
1005,P,IF,G3,SMTA,PDG,GRD,IPK_SM
1006,L,IF,G4,SRJN,LL,GRD,IPK_SM
1007,P,IF,G3,SMTA,LL,PS,IPK_SM
1008,P,IF,G4,SRJN,PNS,PNS,IPK_CUM
1009,P,IF,G4,SMTA,PS,PNS,IPK_M
1010,L,IF,G3,SMP,LL,PS,IPK_SM
1011,L,IF,G4,SRJN,PDG,PDG,IPK_SM
1012,L,IF,G3,SMTA,PS,PDG,IPK_CUM
1013,L,IF,G4,SRJN,GRD,PS,IPK_SM
1014,L,IF,G4,SMTA,PNS,GRD,IPK_SM
1015,L,IF,G6,SRJN,LL,PS,IPK_SM
1016,P,IF,G2,SD,LL,PNS,IPK_SM
1017,P,IF,G4,SMTA,PDG,GRD,IPK_M
1018,L,IF,G3,SRJN,GRD,ABRI,IPK_SM
1019,L,IF,G4,SRJN,PDG,PNS,IPK_SM
1020,P,IF,G3,SMTA,PDG,PSN,IPK_SM
1021,L,IF,G5,SRJN,GRD,GRD,IPK_SM
1022,L,IF,G5,SMTA,LL,PNS,IPK_SM
1023,L,IF,G4,SMP,PDG,PDG,IPK_SM
1024,P,IF,G4,SRJN,LL,PDG,IPK_M
1025,P,IF,G7,SRJN,GRD,PNS,IPK_SM
1026,L,IF,G2,LL,PDG,BPN,IPK_SM
1027,P,IF,G3,SRJN,GRD,PNS,IPK_SM
1028,L,IF,G4,SMTA,LL,PDG,IPK_SM
1029,L,IF,G3,SRJN,GRD,PDG,IPK_SM
1030,L,IF,G4,SMTA,LL,PS,IPK_SM
1031,P,IF,G2,SD,BPN,BPN,IPK_SM
1032,P,IF,G1,LL,LL,BPN,IPK_SM
1033,L,IF,G4,SRJN,GRD,GRD,IPK_M
1034,L,IF,G2,SMTA,LL,PDG,IPK_SM
1035,L,IF,G4,SMTA,LL,PDG,IPK_SM
1036,P,IF,G2,SMP,LL,PDG,IPK_CUM
1037,L,IF,G3,SD,PDG,PNS,IPK_M
1038,L,IF,G2,SD,PDG,PDG,IPK_CUM
1039,P,IF,G4,SRJN,PNS,PS,IPK_SM
1040,L,IF,G3,SRJN,PS,PDG,IPK_SM
1041,L,IF,G3,SRJN,GRD,GRD,IPK_CUM
1042,P,IF,G5,SMTA,PDG,PDG,IPK_SM
1043,P,IF,G2,SD,BPN,BPN,IPK_SM
1044,P,IF,G3,SRJN,GRD,GRD,IPK_SM
1045,L,IF,G3,SMTA,PNS,PDG,IPK_M
1046,L,IF,G1,SD,BPN,BPN,IPK_SM
1047,P,IF,G6,SRJN,LL,PNS,IPK_SM
1048,L,IF,G4,SRJN,PDG,GRD,IPK_SM
1049,L,IF,G4,SRJN,GRD,GRD,IPK_SM
1050,P,IF,G2,SRJN,LL,PS,IPK_SM
1051,P,IF,G4,SRJN,PS,PNS,IPK_SM
1052,L,IF,G3,SMTA,PDG,LL,IPK_KM
1053,P,IF,G4,SRJN,GRD,GRD,IPK_SM
1054,L,IF,G3,SMP,PNS,GRD,IPK_SM
1055,L,IF,G5,SRJN,GRD,GRD,IPK_CUM
1056,L,IF,G2,SMTA,LL,PSN,IPK_SM
1057,L,IF,G4,SRJN,GRD,GRD,IPK_SM
1058,L,IF,G3,SD,LL,PSN,IPK_SM
1059,P,IF,G4,SMTA,GRD,PS,IPK_SM
1060,P,IF,G1,SD,LL,PDG,IPK_CUM
1061,P,IF,G3,SMTA,PDG,PS,IPK_SM
1062,L,IF,G2,SMTA,PDG,PDG,IPK_KM
1063,P,IF,G4,SRJN,GRD,GRD,IPK_SM
1064,L,IF,G4,SMTA,LL,PS,IPK_SM
1065,P,IF,G4,SRJN,PNS,PNS,IPK_SM
1066,L,IF,G4,SRJN,GRD,GRD,IPK_SM
1067,L,IF,G2,SMP,BPN,PS,IPK_SM
1068,P,IF,G4,SRJN,GRD,GRD,IPK_SM
1069,P,IF,G4,SMTA,GRD,BPN,IPK_SM
1070,L,IF,G4,SMP,LL,PS,IPK_SM
1071,P,IF,G4,SMTA,LL,GRD,IPK_CUM
1072,L,IF,G2,SRJN,GRD,LL,IPK_CUM
1073,P,IF,G2,SMP,BPN,BPN,IPK_CUM
1074,P,IF,G4,SRJN,GRD,GRD,IPK_SM
1075,P,IF,G4,SRJN,GRD,GRD,IPK_SM
1076,P,IF,G4,SRJN,LL,GRD,IPK_CUM
1077,P,IF,G2,LL,LL,PS,IPK_SM
1078,P,IF,G3,SMTA,PNS,PSN,IPK_SM
1079,P,IF,G2,SMTA,BPN,PDG,IPK_SM
1080,P,IF,G4,SMTA,LL,GRD,IPK_SM
1081,L,IF,G2,SMTA,LL,PSN,IPK_CUM
1082,L,IF,G4,SRJN,GRD,PNS,IPK_CUM
1083,P,IF,G4,SRJN,GRD,GRD,IPK_SM
1084,P,IF,G4,SRJN,GRD,GRD,IPK_SM
1085,L,IF,G4,SRJN,GRD,LL,IPK_CUM
1086,P,IF,G4,SRJN,GRD,GRD,IPK_SM
1087,L,IF,G4,SRJN,GRD,PNS,IPK_CUM
1088,L,IF,G1,SD,LL,LL,IPK_CUM
1089,L,IF,G4,SMTA,PDG,GRD,IPK_SM
1090,P,IF,G1,SMTA,PS,LL,IPK_CUM
1091,L,IF,G3,LL,LL,LL,IPK_M
1092,P,IF,G2,SMTA,LL,PS,IPK_SM
1093,L,IF,G3,SMP,PDG,PNS,IPK_SM
1094,L,IF,G4,SRJN,GRD,LL,IPK_CUM
1095,L,IF,G7,SRJN,LL,GRD,IPK_SM
1096,L,IF,G4,SMTA,LL,PNS,IPK_M
1097,P,IF,G5,SRJN,GRD,GRD,IPK_CUM
1098,P,IF,G2,SMP,LL,PS,IPK_SM
1099,P,IF,G3,SRJN,GRD,PDG,IPK_SM
1100,L,IF,G5,SRJN,LL,PS,IPK_SM
1101,P,IF,G3,SRJN,PDG,PDG,IPK_SM
1102,L,IF,G3,SMTA,LL,PSN,IPK_CUM
1103,L,IF,G3,SMTA,LL,PSN,IPK_SM
1104,P,IF,G3,SRJN,LL,PNS,IPK_CUM
1105,P,IF,G5,SRJN,PNS,PS,IPK_CUM
1106,L,IF,G3,SMTA,LL,BPN,IPK_SM
1107,P,IF,G2,SMP,PDG,BPN,IPK_CUM
1108,P,IF,G4,SRJN,PNS,PNS,IPK_CUM
1109,L,IF,G4,SMTA,LL,GRD,IPK_SM
1110,L,IF,G5,SRJN,GRD,PNS,IPK_SM
1111,P,IF,G5,SMTA,LL,PDG,IPK_SM
1112,P,IF,G4,SMTA,LL,PS,IPK_SM
1113,P,IF,G3,SRJN,GRD,PSN,IPK_CUM
1114,L,IF,G3,SMTA,LL,PSN,IPK_SM
1115,P,IF,G4,SRJN,GRD,GRD,IPK_SM
1116,P,IF,G4,SRJN,PNS,PS,IPK_CUM
1117,P,IF,G4,SMTA,PDG,PDG,IPK_CUM
1118,P,IF,G4,SRJN,GRD,PSN,IPK_SM
1119,P,IF,G4,SRJN,GRD,GRD,IPK_SM
1120,L,IF,G5,SRJN,ABRI,PSN,IPK_SM
1121,P,IF,G4,SMTA,GRD,GRD,IPK_CUM
1122,P,IF,G4,SRJN,GRD,PS,IPK_CUM
1123,P,IF,G3,SMTA,LL,PS,IPK_CUM
1124,L,IF,G3,SD,LL,BPN,IPK_CUM
1125,L,IF,G4,SMTA,LL,ABRI,IPK_SM
1126,P,IF,G1,SMTA,LL,BPN,IPK_CUM
1127,L,IF,G5,SRJN,PNS,GRD,IPK_CUM
1128,L,IF,G4,SRJN,LL,GRD,IPK_SM
1129,L,IF,G5,SMTA,PS,ABRI,IPK_CUM
1130,L,IF,G4,SMTA,LL,PDG,IPK_CUM
1131,P,IF,G5,SRJN,PS,PNS,IPK_CUM
1132,L,IF,G3,SD,LL,PSN,IPK_CUM
1133,P,IF,G4,SMTA,PDG,GRD,IPK_SM
1134,P,IF,G3,SRJN,GRD,LL,IPK_CUM
1135,L,IF,G4,SRJN,LL,PS,IPK_CUM
